date,title_neg,title_neu,title_pos,title_compound,desc_neg,desc_neu,desc_pos,desc_compound
2021-04-16,0.0926041666666667,0.7936041666666672,0.11379166666666667,0.025758333333333324,0.06908333333333333,0.8429166666666666,0.08797916666666668,0.06711458333333332
2021-04-15,0.06233999999999999,0.8404700000000004,0.09719000000000001,0.05367299999999999,0.05431000000000001,0.85625,0.08945000000000004,0.15669499999999992
2021-04-14,0.09835789473684212,0.8179789473684209,0.08367368421052632,-0.02695578947368421,0.06420000000000001,0.8597999999999998,0.07602105263157895,0.10417684210526315
2021-04-13,0.05267692307692308,0.869276923076923,0.07801538461538461,0.05114153846153846,0.05698461538461539,0.8673538461538459,0.07564615384615386,0.10628615384615385
2021-04-12,0.049150684931506844,0.8378904109589038,0.11295890410958902,0.09437671232876715,0.05917808219178083,0.8640273972602742,0.0768082191780822,0.04024931506849315
2021-04-11,0.10793333333333335,0.8115333333333334,0.08046666666666667,-0.04908666666666666,0.0814,0.8139333333333333,0.10473333333333332,0.08502000000000001
2021-04-10,0.076375,0.7898749999999999,0.13375,0.09780000000000001,0.0745,0.8391249999999999,0.08637500000000001,0.013625000000000012
2021-04-09,0.09429310344827585,0.8090172413793103,0.0966896551724138,0.003500000000000004,0.05412068965517241,0.8696034482758622,0.07624137931034482,0.09751551724137927
2021-04-08,0.08162068965517241,0.821,0.09736781609195402,0.025956321839080455,0.055643678160919544,0.8667356321839081,0.07759770114942527,0.08126321839080458
2021-04-07,0.0857878787878788,0.8270151515151515,0.08713636363636362,-0.01564393939393939,0.061651515151515165,0.8631363636363638,0.07522727272727275,0.047139393939393925
2021-04-06,0.07776623376623376,0.8337402597402594,0.08851948051948051,0.013638961038961034,0.060675324675324674,0.8617532467532464,0.07755844155844159,0.06136363636363635
2021-04-05,0.06865384615384615,0.8574423076923078,0.07388461538461538,0.001159615384615401,0.05401923076923077,0.8540576923076924,0.09188461538461541,0.13201730769230774
2021-04-04,0.054375,0.828875,0.11674999999999999,0.04075000000000001,0.04725,0.87925,0.07350000000000001,0.12161249999999998
2021-04-03,0.0354,0.8375999999999999,0.1268,0.10506,0.041,0.9054,0.0536,0.02150000000000001
2021-04-02,0.07434782608695653,0.8751739130434785,0.05052173913043478,-0.05781739130434782,0.05034782608695652,0.8655217391304345,0.08404347826086958,0.15074347826086956
2021-04-01,0.07847872340425532,0.8320000000000002,0.08954255319148936,0.026094680851063826,0.05986170212765958,0.850531914893617,0.08957446808510638,0.11244999999999995
2021-03-31,0.07777477477477478,0.82790990990991,0.0943243243243243,0.034098198198198204,0.05784684684684685,0.8589999999999995,0.0831981981981982,0.09466126126126125
2021-03-30,0.07669148936170214,0.8349787234042555,0.08834042553191487,0.023330851063829792,0.057638297872340434,0.8561276595744676,0.0861914893617021,0.07033617021276593
2021-03-29,0.09913333333333332,0.8218133333333334,0.07902666666666666,-0.034446666666666674,0.06918666666666666,0.8579466666666665,0.07278666666666668,0.02993733333333333
2021-03-28,0.17857142857142858,0.7478571428571428,0.07357142857142858,-0.13967142857142853,0.07028571428571428,0.8625714285714287,0.06742857142857143,0.020342857142857138
2021-03-27,0.12544444444444444,0.7543333333333333,0.12022222222222223,-0.001244444444444443,0.09833333333333333,0.7874444444444444,0.11411111111111111,0.00788888888888887
2021-03-26,0.06255000000000001,0.8416750000000001,0.09576250000000001,0.06598249999999999,0.06143750000000002,0.8539125000000004,0.0846625,0.08990375000000003
2021-03-25,0.0774179104477612,0.8211194029850747,0.10149253731343284,0.03536716417910447,0.06100000000000001,0.8467761194029849,0.09216417910447762,0.031229850746268658
2021-03-24,0.09543037974683548,0.8303164556962025,0.07426582278481014,-0.0443886075949367,0.07111392405063291,0.8531518987341771,0.07572151898734178,0.0299240506329114
2021-03-23,0.09664912280701754,0.8457543859649123,0.0576140350877193,-0.0786859649122807,0.06219298245614036,0.8823333333333333,0.055385964912280705,-0.03763157894736844
2021-03-22,0.08800000000000001,0.84303125,0.06898437499999999,-0.0625578125,0.06776562500000002,0.8684531250000003,0.063765625,-0.011799999999999998
2021-03-21,0.04988235294117647,0.8997058823529411,0.05041176470588235,0.004682352941176474,0.06911764705882353,0.8389411764705884,0.09188235294117646,0.1150470588235294
2021-03-20,0.08436363636363636,0.823090909090909,0.09254545454545453,-0.032054545454545454,0.07936363636363636,0.8525454545454546,0.068,-0.0849090909090909
2021-03-19,0.096,0.8151830985915492,0.08883098591549295,-0.0313887323943662,0.08760563380281693,0.8371267605633805,0.07528169014084508,0.005160563380281674
2021-03-18,0.08505208333333335,0.8379791666666669,0.07696875000000002,-0.024428125000000005,0.05827083333333335,0.853229166666667,0.08850000000000001,0.11177604166666666
2021-03-17,0.07331081081081083,0.8224459459459459,0.10427027027027028,0.032581081081081084,0.0602837837837838,0.8656216216216218,0.07409459459459458,0.05011891891891891
2021-03-16,0.07284415584415585,0.8438181818181819,0.08332467532467533,0.017546753246753248,0.055610389610389624,0.8726753246753246,0.07167532467532468,0.03675974025974027
2021-03-15,0.07754545454545454,0.8498522727272726,0.07261363636363637,-0.029311363636363642,0.053079545454545456,0.8658863636363635,0.08104545454545456,0.08838977272727272
2021-03-14,0.156,0.7435,0.10049999999999999,-0.12340999999999999,0.0918,0.8304,0.0777,-0.011659999999999995
2021-03-13,0.0,0.8839999999999999,0.11599999999999999,0.19393333333333332,0.012333333333333333,0.8705000000000002,0.11716666666666666,0.35850000000000004
2021-03-12,0.0854861111111111,0.8560555555555553,0.058444444444444445,-0.052419444444444435,0.0656111111111111,0.8687499999999999,0.0656111111111111,-0.020811111111111107
2021-03-11,0.09037234042553194,0.8092978723404254,0.10029787234042552,0.02006382978723404,0.06436170212765956,0.8484893617021277,0.08715957446808509,0.08191702127659577
2021-03-10,0.05097560975609756,0.8309512195121949,0.11810975609756094,0.09565609756097562,0.050634146341463425,0.8491097560975608,0.10025609756097562,0.17111097560975608
2021-03-09,0.08485714285714287,0.8346999999999998,0.08045714285714287,0.0047185714285714305,0.058514285714285706,0.8705428571428571,0.07091428571428571,0.07213857142857145
2021-03-08,0.05265454545454546,0.8744909090909092,0.07285454545454545,0.022840000000000003,0.044472727272727275,0.874963636363636,0.08054545454545452,0.07838909090909092
2021-03-07,0.08399999999999999,0.8098000000000001,0.10600000000000001,-0.0033399999999999875,0.038,0.8956,0.0664,0.11568
2021-03-06,0.032916666666666664,0.9271666666666666,0.03991666666666666,0.010549999999999999,0.02341666666666667,0.9090833333333332,0.0675,0.14965833333333334
2021-03-05,0.09544827586206898,0.8104827586206896,0.09408045977011495,-0.007410344827586202,0.056517241379310336,0.85216091954023,0.09129885057471268,0.1215137931034483
2021-03-04,0.07412631578947368,0.8374000000000003,0.08846315789473683,0.03498947368421052,0.05398947368421053,0.865063157894737,0.08094736842105263,0.0982705263157895
2021-03-03,0.08875555555555555,0.8463555555555559,0.06492222222222221,-0.03766666666666667,0.054599999999999996,0.8742888888888893,0.0711111111111111,0.07253444444444444
2021-03-02,0.0721467889908257,0.816211009174312,0.1116697247706422,0.07189082568807341,0.04559633027522935,0.853091743119266,0.10132110091743121,0.15931009174311928
2021-03-01,0.09279166666666666,0.8308333333333339,0.07637500000000001,-0.024676041666666673,0.07029166666666666,0.85525,0.07442708333333332,0.06085729166666667
2021-02-28,0.07809999999999999,0.8001999999999999,0.1217,0.07139999999999999,0.0857,0.8716999999999999,0.0426,-0.10825999999999998
2021-02-27,0.09533333333333333,0.7893333333333333,0.11533333333333333,0.10286666666666665,0.0,0.8956666666666666,0.10433333333333333,0.3972333333333333
2021-02-26,0.10388695652173917,0.8187043478260869,0.07742608695652174,-0.04992869565217393,0.0810608695652174,0.8456869565217393,0.07325217391304348,5.999999999999822e-05
2021-02-25,0.061166666666666654,0.8393444444444444,0.09949999999999998,0.05710666666666667,0.05857777777777777,0.8563444444444442,0.08511111111111111,0.11660666666666665
2021-02-24,0.06941666666666667,0.8458333333333333,0.08476041666666667,0.039718750000000004,0.057468750000000006,0.8655208333333335,0.07702083333333334,0.07333645833333334
2021-02-23,0.07029807692307691,0.8319423076923075,0.0977403846153846,0.04632884615384617,0.050749999999999976,0.8648365384615383,0.08439423076923078,0.13146826923076918
2021-02-22,0.10016666666666664,0.8146538461538458,0.08517948717948719,-0.042043589743589745,0.07091025641025642,0.846948717948718,0.08212820512820512,0.054011538461538465
2021-02-21,0.08381818181818183,0.7813181818181818,0.13486363636363638,0.06369999999999999,0.07627272727272726,0.8299090909090908,0.09377272727272729,0.08720000000000001
2021-02-20,0.10289999999999999,0.8342,0.0629,-0.12945,0.0877,0.8873,0.0251,-0.13928999999999997
2021-02-19,0.07700000000000001,0.8497407407407408,0.07325925925925925,-0.021116049382716048,0.07444444444444445,0.8570370370370369,0.06856790123456788,0.006818518518518526
2021-02-18,0.07600751879699248,0.8280375939849627,0.09593233082706769,0.034632330827067674,0.07142857142857145,0.8512631578947367,0.07730075187969926,0.018251879699248123
2021-02-17,0.09319130434782609,0.8200521739130435,0.08675652173913041,-0.003991304347826091,0.06914782608695651,0.8580608695652171,0.0727304347826087,0.018835652173913045
2021-02-16,0.07566666666666666,0.8293783783783787,0.09494594594594596,0.036281981981982,0.06443243243243242,0.8445675675675677,0.091018018018018,0.10719729729729734
2021-02-15,0.06988235294117646,0.8314999999999999,0.09861764705882352,0.062232352941176496,0.07026470588235295,0.8359411764705881,0.09382352941176468,0.10852941176470586
2021-02-14,0.0,0.83125,0.16875,0.24412499999999998,0.01725,0.81675,0.16625,0.33875
2021-02-13,0.041666666666666664,0.8937777777777778,0.06455555555555555,0.03221111111111111,0.05144444444444444,0.8995555555555556,0.049,0.007211111111111122
2021-02-12,0.07106779661016949,0.8450000000000001,0.08393220338983051,0.030772881355932195,0.05837288135593221,0.8550677966101694,0.08654237288135593,0.10481525423728816
2021-02-11,0.09076470588235291,0.8309411764705884,0.07829411764705882,-0.0332686274509804,0.06596078431372548,0.8509607843137259,0.08309803921568626,0.12363725490196076
2021-02-10,0.059024096385542166,0.8321325301204818,0.10885542168674699,0.09978795180722891,0.04374698795180724,0.8559156626506027,0.10034939759036147,0.19361325301204824
2021-02-09,0.08237662337662338,0.815116883116883,0.10250649350649353,0.04019870129870129,0.0590909090909091,0.8541688311688311,0.08675324675324676,0.15163766233766227
2021-02-08,0.07212244897959184,0.8092448979591838,0.11865306122448979,0.08621224489795917,0.049714285714285725,0.8559591836734693,0.09428571428571426,0.1724571428571429
2021-02-07,0.09022222222222223,0.8640000000000001,0.04577777777777778,-0.05267777777777776,0.08700000000000002,0.8702222222222223,0.042777777777777776,-0.1149333333333333
2021-02-06,0.0845,0.746,0.16949999999999998,0.11022499999999996,0.0335,0.87525,0.09125,0.292325
2021-02-05,0.077,0.7901162790697674,0.13286046511627908,0.10798139534883719,0.05648837209302325,0.8170930232558141,0.12651162790697676,0.230760465116279
2021-02-04,0.08566129032258066,0.8194677419354838,0.09488709677419355,0.013625806451612914,0.05779032258064516,0.8453387096774194,0.0969032258064516,0.15984677419354837
2021-02-03,0.12804109589041093,0.7598767123287671,0.11206849315068497,-0.060328767123287684,0.08378082191780824,0.834123287671233,0.08209589041095892,-0.0064753424657534525
2021-02-02,0.08231081081081082,0.8315405405405406,0.08618918918918915,-0.00165540540540541,0.07012162162162162,0.8576486486486484,0.07224324324324324,0.029391891891891914
2021-02-01,0.09656923076923074,0.8215846153846152,0.08187692307692308,-0.01720615384615384,0.06103076923076924,0.8614923076923074,0.07747692307692308,0.09567692307692309
2021-01-31,0.061000000000000006,0.7748181818181817,0.16418181818181818,0.1913,0.054818181818181815,0.816090909090909,0.12918181818181818,0.25913636363636366
2021-01-30,0.1015,0.7857000000000001,0.11279999999999998,0.028970000000000006,0.1109,0.7898,0.0992,0.021230000000000006
2021-01-29,0.09433846153846154,0.8079999999999997,0.09769230769230768,-0.0016169230769230757,0.06732307692307693,0.8550153846153847,0.07764615384615385,0.06956461538461542
2021-01-28,0.1050897435897436,0.8397948717948714,0.0550897435897436,-0.08895256410256411,0.08023076923076926,0.8522179487179489,0.06757692307692308,0.0019987179487179494
2021-01-27,0.12207594936708863,0.7862405063291138,0.09168354430379745,-0.05141139240506332,0.08341772151898733,0.8348607594936707,0.08169620253164557,0.05667215189873413
2021-01-26,0.067,0.8220967741935483,0.11091935483870967,0.09394193548387099,0.04095161290322581,0.8650645161290323,0.09395161290322579,0.20528709677419352
2021-01-25,0.08818604651162791,0.8556046511627908,0.05620930232558139,-0.06478837209302325,0.06895348837209302,0.8639302325581396,0.06709302325581395,-0.003972093023255823
2021-01-24,0.060899999999999996,0.8112,0.128,0.12357,0.08570000000000001,0.8234000000000001,0.09069999999999999,0.045970000000000025
2021-01-23,0.0,1.0,0.0,0.0,0.111,0.811,0.078,-0.0516
2021-01-22,0.08960377358490565,0.8115283018867923,0.09886792452830188,0.011939622641509438,0.06901886792452831,0.8563207547169812,0.07466037735849057,0.06469622641509436
2021-01-21,0.08700000000000002,0.8220416666666667,0.09095833333333335,0.0009083333333333443,0.05475,0.8632708333333333,0.08197916666666667,0.08866875
2021-01-20,0.08058730158730158,0.8064603174603173,0.11295238095238096,0.055423809523809535,0.06495238095238094,0.8393809523809519,0.0956031746031746,0.08733650793650795
2021-01-19,0.07825373134328359,0.8018955223880595,0.11986567164179103,0.06927014925373134,0.06597014925373135,0.853761194029851,0.08023880597014929,0.08018208955223882
2021-01-18,0.09924137931034485,0.810551724137931,0.09020689655172415,-0.03286206896551725,0.06479310344827585,0.8421379310344826,0.09310344827586207,0.053099999999999994
2021-01-17,0.14925,0.755125,0.09562499999999999,-0.0684875,0.057999999999999996,0.860625,0.08149999999999999,0.0654
2021-01-15,0.07834328358208956,0.8263134328358207,0.0953134328358209,-0.001070149253731343,0.05786567164179104,0.8669999999999999,0.07511940298507465,0.06687611940298507
2021-01-14,0.11267796610169492,0.8195084745762711,0.06781355932203391,-0.09816271186440678,0.08472881355932205,0.8602033898305081,0.0550677966101695,-0.08010169491525423
2021-01-13,0.08119736842105263,0.8020263157894736,0.11673684210526318,0.05517894736842104,0.06282894736842107,0.8342499999999999,0.10285526315789471,0.09851842105263157
2021-01-12,0.07998305084745762,0.8587118644067797,0.06128813559322035,-0.015979661016949157,0.05247457627118644,0.8954745762711865,0.05203389830508475,0.03817796610169491
2021-01-11,0.06667796610169492,0.8279830508474575,0.10532203389830508,0.050125423728813574,0.060016949152542395,0.857915254237288,0.08205084745762715,0.08713898305084748
2021-01-10,0.12858333333333333,0.7673333333333333,0.10391666666666667,-0.023716666666666664,0.08875,0.8665000000000002,0.04483333333333333,-0.21389999999999998
2021-01-09,0.0,1.0,0.0,0.0,0.02,0.98,0.0,-0.0386
2021-01-08,0.08595890410958905,0.8274109589041097,0.08656164383561643,0.005958904109589035,0.07231506849315071,0.8427397260273972,0.08498630136986302,0.00344109589041096
2021-01-07,0.07365384615384617,0.8427307692307691,0.08361538461538463,0.029016666666666663,0.051705128205128195,0.878974358974359,0.06932051282051281,0.06110384615384614
2021-01-06,0.0745820895522388,0.8547014925373135,0.0707313432835821,0.0031298507462686593,0.04219402985074628,0.8783283582089553,0.07952238805970151,0.1395194029850746
2021-01-05,0.04308333333333334,0.8617166666666664,0.09521666666666666,0.08658500000000001,0.041183333333333336,0.8987166666666667,0.06011666666666667,0.069935
2021-01-04,0.06805128205128205,0.8795641025641024,0.05238461538461539,-0.05276410256410257,0.0564871794871795,0.8495641025641026,0.09397435897435899,0.14711794871794873
2021-01-03,0.04533333333333334,0.8756666666666666,0.079,0.03049999999999999,0.050333333333333334,0.8821666666666667,0.0675,0.050833333333333335
2021-01-02,0.0,0.8945000000000001,0.1055,0.17,0.0,0.8260000000000001,0.174,0.685
2021-01-01,0.02190909090909091,0.9042727272727273,0.07381818181818182,0.05447272727272727,0.04354545454545455,0.895090909090909,0.06145454545454547,-0.014463636363636366
2020-12-31,0.07430769230769231,0.8345384615384617,0.09117948717948719,0.022771794871794877,0.06825641025641026,0.8384358974358974,0.09328205128205128,0.06701282051282052
2020-12-30,0.05430555555555556,0.85975,0.08594444444444445,0.05709444444444445,0.07086111111111111,0.8550555555555555,0.07411111111111111,0.009636111111111111
2020-12-29,0.10133333333333333,0.8445384615384615,0.05417948717948718,-0.09163076923076922,0.07451282051282053,0.8577692307692306,0.06766666666666667,-0.0173974358974359
2020-12-28,0.039066666666666666,0.8744666666666667,0.08646666666666668,0.07133666666666666,0.06693333333333333,0.8333333333333336,0.09970000000000002,0.09442333333333335
2020-12-27,0.10722222222222223,0.852111111111111,0.04066666666666666,-0.10865555555555556,0.048444444444444436,0.9110000000000001,0.04066666666666666,-0.04014444444444444
2020-12-26,0.0,0.9015,0.0985,0.20095,0.0,0.924,0.076,0.41169999999999995
2020-12-25,0.08628571428571429,0.8451428571428571,0.06857142857142857,0.00014285714285714298,0.038,0.9391428571428572,0.023,-0.10007142857142856
2020-12-24,0.06980000000000001,0.8316461538461537,0.09856923076923078,0.06451076923076922,0.06398461538461539,0.8562307692307691,0.0798769230769231,0.09582769230769234
2020-12-23,0.09633333333333334,0.8373124999999999,0.06639583333333333,-0.06272708333333334,0.07870833333333337,0.8442083333333331,0.07706249999999999,0.022702083333333328
2020-12-22,0.1068153846153846,0.8013999999999998,0.09178461538461538,-0.020150769230769215,0.06846153846153845,0.8626307692307694,0.06887692307692309,0.021352307692307698
2020-12-21,0.09473170731707319,0.8311707317073171,0.07409756097560975,-0.04239146341463413,0.05968292682926828,0.8616219512195125,0.07865853658536584,0.0686560975609756
2020-12-20,0.044375,0.8604999999999999,0.09525,0.06455,0.038125000000000006,0.861125,0.10075,0.25245
2020-12-19,0.0625,0.87295,0.06455,0.0031999999999999945,0.04909999999999999,0.8804000000000001,0.07040000000000002,0.075505
2020-12-18,0.06821875,0.8316093750000001,0.10020312500000002,0.050015625,0.056453124999999986,0.8574062500000001,0.08620312500000002,0.1185796875
2020-12-17,0.09357499999999999,0.8229249999999999,0.0834875,-0.025468750000000005,0.06836250000000002,0.8394250000000001,0.09217500000000003,0.06309749999999996
2020-12-16,0.05319696969696971,0.8487121212121213,0.0980757575757576,0.06521060606060604,0.04842424242424243,0.8578333333333334,0.0937121212121212,0.13561666666666675
2020-12-15,0.06237179487179486,0.8412948717948717,0.09630769230769232,0.04564358974358972,0.05252564102564102,0.8686666666666667,0.07882051282051283,0.07351410256410255
2020-12-14,0.10127777777777776,0.8234166666666667,0.07533333333333334,-0.04545972222222222,0.06820833333333334,0.857736111111111,0.07408333333333333,0.016947222222222218
2020-12-13,0.0,0.7815000000000001,0.2185,0.305025,0.0,0.8635,0.1365,0.45875
2020-12-12,0.07509090909090908,0.8055454545454546,0.11936363636363638,0.10188181818181818,0.07281818181818182,0.8323636363636364,0.09472727272727273,0.03164545454545455
2020-12-11,0.08085526315789474,0.8423157894736839,0.07680263157894736,-0.006207894736842102,0.07134210526315789,0.8455394736842107,0.08314473684210526,0.0614434210526316
2020-12-10,0.07000000000000002,0.8375111111111109,0.09248888888888888,0.029397777777777776,0.05202222222222222,0.8636777777777774,0.08431111111111113,0.10970222222222223
2020-12-09,0.0671969696969697,0.8459242424242422,0.08689393939393937,0.04257878787878788,0.06253030303030305,0.8698333333333335,0.06766666666666665,-0.008356060606060598
2020-12-08,0.07185263157894736,0.856357894736842,0.0717578947368421,-0.0027326315789473637,0.05458947368421051,0.8670631578947368,0.07830526315789473,0.08821473684210532
2020-12-07,0.05738888888888889,0.8657555555555556,0.07688888888888888,0.03054555555555556,0.05414444444444445,0.8729111111111111,0.07292222222222224,0.060298888888888916
2020-12-06,0.05573333333333333,0.8768666666666667,0.06733333333333333,0.012300000000000005,0.06686666666666667,0.8834,0.04979999999999999,-0.05915333333333332
2020-12-05,0.09784615384615385,0.8734615384615385,0.02869230769230769,-0.09255384615384614,0.09807692307692309,0.8427692307692307,0.05907692307692307,-0.020615384615384615
2020-12-04,0.09425352112676055,0.8189154929577462,0.0868169014084507,-0.009383098591549281,0.0642112676056338,0.8445915492957748,0.09118309859154934,0.0657507042253521
2020-12-03,0.10562857142857143,0.8057571428571425,0.08862857142857143,-0.0046342857142857175,0.06374285714285714,0.8475000000000001,0.08875714285714287,0.09946857142857139
2020-12-02,0.09534848484848486,0.8151515151515148,0.08953030303030304,0.001206060606060612,0.07606060606060606,0.8435151515151511,0.08042424242424243,0.06427878787878788
2020-12-01,0.06556976744186047,0.8335232558139536,0.10089534883720931,0.07426395348837209,0.05881395348837208,0.8710116279069771,0.07012790697674419,0.05616976744186047
2020-11-30,0.07237234042553191,0.839436170212766,0.0882127659574468,0.025351063829787236,0.06369148936170214,0.8608829787234042,0.07541489361702129,0.04066914893617021
2020-11-29,0.09575,0.8250833333333333,0.07916666666666668,-0.05141666666666666,0.08866666666666667,0.83475,0.07658333333333335,-0.05908333333333334
2020-11-28,0.07125000000000001,0.83225,0.0965,0.08277499999999999,0.10062499999999999,0.820625,0.07875,0.04585
2020-11-27,0.10611111111111111,0.829088888888889,0.06480000000000001,-0.07692666666666667,0.07482222222222223,0.8559111111111112,0.06924444444444444,-0.007326666666666664
2020-11-26,0.06587878787878787,0.8274545454545453,0.10666666666666669,0.06113939393939394,0.04833333333333333,0.8605151515151513,0.09112121212121212,0.10355757575757571
2020-11-25,0.07,0.8829038461538462,0.04711538461538462,-0.03798076923076924,0.05551923076923076,0.8864423076923076,0.058096153846153846,0.004948076923076906
2020-11-24,0.08986440677966102,0.7990338983050846,0.11111864406779665,0.03045084745762713,0.057491525423728804,0.8677627118644068,0.07474576271186441,0.05793389830508474
2020-11-23,0.06798039215686275,0.8298039215686275,0.10223529411764706,0.0355843137254902,0.051627450980392155,0.8727058823529413,0.07564705882352941,0.09742745098039217
2020-11-22,0.0,0.8976,0.1024,0.17151999999999998,0.035,0.8454,0.1196,0.27398999999999996
2020-11-21,0.0,0.9742500000000001,0.02575,0.032,0.0505,0.88675,0.06275,0.037675000000000014
2020-11-20,0.09441666666666669,0.8435625000000001,0.06204166666666667,-0.06691666666666667,0.07377083333333333,0.8391458333333336,0.08708333333333335,0.05471666666666669
2020-11-19,0.09732467532467533,0.8238701298701296,0.07880519480519478,-0.046055844155844176,0.06466233766233768,0.8617532467532468,0.0735974025974026,0.05689480519480521
2020-11-18,0.09998591549295775,0.8165633802816901,0.08346478873239437,-0.01144366197183099,0.07123943661971832,0.8511830985915493,0.07761971830985917,0.08978591549295772
2020-11-17,0.083734375,0.8184843749999999,0.09774999999999998,0.030935937500000003,0.06981249999999999,0.8410937500000002,0.08910937499999998,0.09617031250000002
2020-11-16,0.05418666666666667,0.8838266666666665,0.06201333333333333,0.016213333333333337,0.037680000000000005,0.885133333333333,0.07714666666666666,0.14642
2020-11-15,0.059,0.902375,0.038625,-0.050675000000000005,0.036375,0.9316249999999999,0.032,-0.0933625
2020-11-14,0.1085,0.8915,0.0,-0.2787,0.0555,0.899,0.0455,-0.12824999999999998
2020-11-13,0.06912499999999999,0.86945,0.061450000000000005,-0.0239725,0.05649999999999998,0.8687249999999999,0.0747,0.0722625
2020-11-12,0.09953125,0.8280781249999999,0.07240625,-0.054837500000000004,0.06278125,0.8642968750000001,0.07298437499999998,0.07950937500000006
2020-11-11,0.09998181818181816,0.8006727272727271,0.09936363636363635,-0.039352727272727275,0.07118181818181818,0.8602909090909091,0.06852727272727274,0.02104545454545454
2020-11-10,0.058763157894736844,0.8256973684210525,0.1155263157894737,0.1033657894736842,0.06651315789473684,0.8446842105263158,0.08878947368421053,0.12781973684210524
2020-11-09,0.0610120481927711,0.8231084337349394,0.11586746987951804,0.07838554216867473,0.048228915662650605,0.857915662650602,0.09389156626506025,0.19919518072289158
2020-11-08,0.10705555555555556,0.8107777777777777,0.08222222222222222,-0.05485555555555555,0.07783333333333334,0.8216666666666668,0.1005,0.07803333333333332
2020-11-07,0.07058823529411766,0.7826470588235294,0.1468823529411765,0.08435294117647059,0.06058823529411764,0.8458823529411766,0.09335294117647058,0.15997058823529411
2020-11-06,0.07294545454545454,0.8351999999999998,0.09189090909090909,0.060152727272727274,0.05119999999999999,0.8573090909090908,0.09143636363636364,0.1861745454545455
2020-11-05,0.059467741935483875,0.8308709677419356,0.10966129032258065,0.08426774193548388,0.051500000000000004,0.8651451612903227,0.08333870967741937,0.122
2020-11-04,0.11020370370370368,0.7985555555555556,0.09122222222222222,-0.006640740740740742,0.0860925925925926,0.8430925925925928,0.0707962962962963,-0.015146296296296304
2020-11-03,0.08383333333333333,0.8122499999999998,0.1039375,0.018458333333333327,0.07306249999999999,0.8327500000000002,0.09418750000000002,0.13718333333333335
2020-11-02,0.07964,0.8688800000000001,0.051500000000000004,-0.070602,0.052879999999999996,0.8816800000000002,0.06544,0.061887999999999985
2020-11-01,0.0402,0.8382,0.1216,0.08957999999999999,0.030000000000000006,0.8968,0.0732,0.13024000000000005
2020-10-31,0.11599999999999999,0.8149,0.0691,-0.038939999999999995,0.0526,0.917,0.0304,-0.09756000000000001
2020-10-30,0.07622,0.829,0.09481999999999999,0.041710000000000004,0.06291999999999999,0.8769199999999997,0.06012000000000001,0.024771999999999995
2020-10-29,0.07953488372093025,0.8000348837209302,0.1204418604651163,0.06477209302325582,0.06256976744186046,0.8523837209302322,0.08502325581395348,0.09013255813953489
2020-10-28,0.10799999999999998,0.7830833333333332,0.10890476190476191,0.008715476190476188,0.07553571428571428,0.8452738095238095,0.07914285714285715,0.009016666666666676
2020-10-27,0.07483018867924529,0.8258867924528303,0.09928301886792452,0.03306603773584906,0.06575471698113208,0.8551509433962263,0.07909433962264151,0.03175283018867926
2020-10-26,0.1049642857142857,0.8213571428571428,0.07367857142857141,-0.05611964285714287,0.05560714285714286,0.8626607142857142,0.08174999999999999,0.05262142857142858
2020-10-25,0.041818181818181824,0.9060909090909092,0.052090909090909084,0.020018181818181817,0.060136363636363634,0.8445000000000001,0.09536363636363637,0.1264090909090909
2020-10-24,0.09266666666666667,0.8803333333333333,0.027,-0.16146666666666668,0.04933333333333333,0.9006666666666666,0.049999999999999996,0.01959999999999999
2020-10-23,0.07695744680851066,0.840787234042553,0.08227659574468085,0.004006382978723405,0.06831914893617023,0.8502765957446807,0.08136170212765959,0.085431914893617
2020-10-22,0.07835820895522388,0.8336567164179104,0.08798507462686567,0.007305970149253743,0.052059701492537316,0.8766119402985076,0.07129850746268657,0.06310298507462686
2020-10-21,0.08680281690140845,0.8093661971830983,0.1038450704225352,0.028128169014084502,0.06901408450704226,0.8381830985915494,0.09283098591549298,0.11232112676056347
2020-10-20,0.06412820512820512,0.8451538461538461,0.0907051282051282,0.04761923076923077,0.056038461538461544,0.853666666666667,0.09032051282051282,0.17220897435897436
2020-10-19,0.10429508196721313,0.794622950819672,0.1010655737704918,0.012893442622950816,0.07162295081967214,0.8347377049180329,0.09360655737704916,0.14209672131147544
2020-10-18,0.02081818181818182,0.9281818181818181,0.0510909090909091,0.007972727272727268,0.04209090909090909,0.9007272727272727,0.05718181818181818,-0.02608181818181817
2020-10-17,0.0918,0.8865999999999999,0.0216,-0.15975999999999999,0.021400000000000002,0.9564,0.0222,-0.024339999999999994
2020-10-16,0.07509615384615385,0.8127884615384614,0.11209615384615385,0.05555576923076923,0.06342307692307694,0.8443846153846152,0.09217307692307694,0.12608846153846154
2020-10-15,0.07721666666666667,0.8369333333333332,0.08583333333333336,0.006961666666666666,0.054566666666666666,0.8619833333333333,0.08343333333333332,0.10100499999999998
2020-10-14,0.10228124999999999,0.7845624999999998,0.11318750000000001,0.008749999999999997,0.07118749999999999,0.8467968749999998,0.082,0.06717812500000003
2020-10-13,0.11419753086419755,0.7901851851851854,0.09560493827160492,-0.024940740740740746,0.07927160493827158,0.8414074074074072,0.0793456790123457,0.05385185185185183
2020-10-12,0.07721153846153847,0.8308461538461539,0.09190384615384614,0.002684615384615391,0.06078846153846153,0.8677500000000001,0.07142307692307694,0.055536538461538464
2020-10-11,0.13353846153846155,0.8433076923076922,0.023153846153846157,-0.20970769230769232,0.09007692307692308,0.8849230769230767,0.024999999999999998,-0.15203846153846154
2020-10-10,0.1431818181818182,0.8020909090909091,0.05472727272727273,-0.1954090909090909,0.10118181818181818,0.8176363636363636,0.08100000000000002,-0.1524636363636363
2020-10-09,0.058295454545454546,0.8598863636363636,0.08179545454545455,0.03201363636363636,0.0335,0.8653181818181818,0.10113636363636366,0.2865704545454545
2020-10-08,0.10477027027027028,0.8312567567567568,0.06398648648648649,-0.07892972972972973,0.08814864864864863,0.8517432432432432,0.06008108108108109,-0.07005270270270272
2020-10-07,0.07241176470588236,0.8278088235294118,0.09980882352941178,0.043780882352941176,0.06144117647058825,0.8686470588235294,0.0698970588235294,0.017495588235294113
2020-10-06,0.08871666666666665,0.8130666666666667,0.09823333333333335,0.031076666666666673,0.06723333333333334,0.8457833333333332,0.08701666666666667,0.025623333333333324
2020-10-05,0.0691896551724138,0.8455862068965518,0.08522413793103448,0.0264051724137931,0.049517241379310344,0.886448275862069,0.06408620689655173,0.06080517241379312
2020-10-04,0.09584615384615384,0.8605384615384615,0.04361538461538461,-0.06385384615384614,0.07553846153846154,0.8721538461538463,0.05230769230769231,0.006407692307692321
2020-10-03,0.178125,0.770125,0.051750000000000004,-0.21539999999999998,0.10337500000000001,0.816875,0.07975,-0.04796249999999999
2020-10-02,0.06064912280701754,0.8183508771929824,0.12100000000000001,0.10235438596491228,0.06573684210526315,0.8556842105263157,0.07859649122807016,0.07547719298245613
2020-10-01,0.09183838383838383,0.8111313131313134,0.09705050505050505,0.016332323232323236,0.07658585858585859,0.8353030303030303,0.08815151515151513,0.09833939393939393
2020-09-30,0.06357499999999999,0.8326499999999998,0.10377500000000002,0.0534225,0.062975,0.8483999999999996,0.08860000000000003,0.0818375
2020-09-29,0.09719512195121953,0.7967317073170731,0.1060731707317073,0.019500000000000003,0.07023170731707319,0.8474268292682926,0.08236585365853662,0.10087317073170733
2020-09-28,0.08324719101123597,0.8218426966292137,0.09491011235955055,0.017185393258426964,0.07019101123595506,0.8507191011235952,0.07907865168539327,0.05963932584269663
2020-09-27,0.049999999999999996,0.8557142857142859,0.09428571428571429,0.039664285714285714,0.027142857142857142,0.9067142857142857,0.06607142857142857,0.11677142857142857
2020-09-26,0.047181818181818186,0.8204545454545454,0.1322727272727273,0.13423636363636363,0.04409090909090909,0.8299090909090908,0.126,0.23995454545454542
2020-09-25,0.10308196721311473,0.8181803278688526,0.07875409836065572,-0.03707049180327869,0.06113114754098361,0.8633770491803279,0.07544262295081966,0.07124754098360654
2020-09-24,0.11552941176470582,0.7944352941176472,0.0900470588235294,-0.0534964705882353,0.0786823529411765,0.8311764705882355,0.0901294117647059,0.05764235294117648
2020-09-23,0.0929873417721519,0.8218987341772149,0.0850759493670886,-0.018984810126582277,0.05587341772151899,0.8656582278481011,0.07846835443037975,0.06457848101265826
2020-09-22,0.08858536585365855,0.8184512195121951,0.09295121951219515,0.014114634146341476,0.05542682926829269,0.8650975609756096,0.0794878048780488,0.1088768292682927
2020-09-21,0.09529166666666666,0.82346875,0.08124999999999999,-0.032175,0.057927083333333344,0.8719166666666668,0.07017708333333335,0.03846770833333333
2020-09-20,0.05958333333333334,0.7514166666666666,0.18899999999999997,0.18041666666666667,0.04783333333333333,0.83875,0.11333333333333334,0.19487500000000002
2020-09-19,0.11027272727272729,0.781909090909091,0.10772727272727273,-0.057972727272727266,0.09254545454545454,0.7952727272727272,0.11218181818181817,0.10375454545454545
2020-09-18,0.07861194029850749,0.8490895522388061,0.07228358208955225,-0.008834328358208956,0.05065671641791045,0.8717313432835821,0.07755223880597013,0.03969402985074627
2020-09-17,0.0896025641025641,0.8249871794871794,0.08542307692307692,-0.017755128205128184,0.060833333333333336,0.8458974358974359,0.09332051282051283,0.0919974358974359
2020-09-16,0.061868131868131844,0.8514725274725271,0.08665934065934067,0.04188571428571429,0.052978021978022,0.853934065934066,0.09315384615384614,0.14467692307692306
2020-09-15,0.07676999999999999,0.8104599999999997,0.11276,0.055501999999999996,0.06645000000000001,0.8411599999999999,0.09241000000000003,0.10722899999999999
2020-09-14,0.07526881720430109,0.8536344086021506,0.07108602150537636,-0.013138709677419359,0.049752688172043015,0.8810537634408603,0.06918279569892473,0.08464086021505378
2020-09-13,0.09016666666666667,0.8072777777777778,0.10244444444444444,0.010816666666666662,0.0531111111111111,0.8712222222222222,0.07561111111111112,-0.013116666666666657
2020-09-12,0.05438095238095238,0.8787619047619047,0.06685714285714286,0.01015238095238095,0.06814285714285714,0.8697619047619047,0.062095238095238106,0.0073809523809523795
2020-09-11,0.09563768115942028,0.8135652173913044,0.09082608695652174,-0.02287971014492754,0.0622463768115942,0.8635072463768116,0.07428985507246376,0.034915942028985514
2020-09-10,0.0754367816091954,0.8421724137931035,0.08237931034482758,-0.0042632183908046,0.06793103448275861,0.8503563218390806,0.08172413793103449,0.05173908045977013
2020-09-09,0.09339999999999998,0.8403111111111111,0.0662888888888889,-0.044929999999999984,0.0785,0.8704333333333335,0.05106666666666668,-0.07505
2020-09-08,0.07937499999999999,0.8364375000000001,0.0841875,0.009435937499999995,0.06343750000000001,0.88128125,0.05529687500000001,-0.006421875000000013
2020-09-07,0.0880909090909091,0.8218409090909091,0.09006818181818183,-0.01958181818181817,0.06629545454545455,0.8773863636363636,0.05622727272727273,-0.01114318181818182
2020-09-06,0.09899999999999999,0.8674545454545453,0.033545454545454545,-0.11026363636363636,0.07681818181818181,0.8509090909090908,0.07218181818181818,0.07128181818181817
2020-09-05,0.0407,0.8854,0.07390000000000001,0.04204000000000001,0.0676,0.8631,0.0693,0.10738000000000003
2020-09-04,0.09721212121212121,0.8081969696969699,0.09456060606060604,-0.02833333333333332,0.08092424242424243,0.8315454545454547,0.08746969696969698,0.01843787878787879
2020-09-03,0.0777922077922078,0.836935064935065,0.0852987012987013,0.013112987012987019,0.06788311688311688,0.8493376623376627,0.08276623376623378,0.03367402597402598
2020-09-02,0.09169999999999999,0.8283142857142858,0.07998571428571426,-0.012549999999999999,0.0616,0.8474714285714284,0.0909285714285714,0.14722714285714292
2020-09-01,0.07441860465116279,0.860220930232558,0.06538372093023254,-0.0013976744186046516,0.06194186046511628,0.862686046511628,0.07536046511627909,0.05526395348837208
2020-08-31,0.10537288135593222,0.8219830508474577,0.07261016949152543,-0.05320338983050847,0.06223728813559321,0.8620000000000003,0.07579661016949152,0.08328474576271185
2020-08-30,0.0821111111111111,0.8107777777777777,0.1071111111111111,0.02076666666666667,0.05533333333333333,0.8437777777777777,0.10077777777777779,0.0020111111111110994
2020-08-29,0.097,0.80325,0.09975,0.07682500000000002,0.03375,0.89325,0.07300000000000001,0.15860000000000002
2020-08-28,0.08344615384615382,0.8255999999999997,0.09095384615384618,-0.001983076923076918,0.06893846153846152,0.8575846153846154,0.07343076923076926,0.0301923076923077
2020-08-27,0.0624761904761905,0.8559166666666665,0.08159523809523808,0.020136904761904766,0.060369047619047614,0.874607142857143,0.06503571428571428,0.07236666666666672
2020-08-26,0.05875862068965518,0.8677413793103447,0.0735,0.007824137931034486,0.044706896551724135,0.8761551724137931,0.07913793103448277,0.1569551724137931
2020-08-25,0.10035000000000001,0.8228249999999999,0.07683750000000003,-0.011955000000000004,0.06987500000000002,0.8611625,0.06893750000000003,-0.004445000000000015
2020-08-24,0.08187719298245613,0.8234561403508774,0.09463157894736841,0.011928070175438595,0.05868421052631578,0.8705438596491227,0.07075438596491228,0.03955614035087718
2020-08-23,0.06014285714285715,0.8308571428571428,0.10900000000000001,0.09411428571428572,0.047142857142857146,0.8288571428571428,0.12400000000000001,0.20898571428571427
2020-08-22,0.045111111111111116,0.8292222222222222,0.12566666666666668,0.1302333333333333,0.03788888888888889,0.8798888888888889,0.08211111111111112,0.06501111111111112
2020-08-21,0.08173469387755102,0.8533673469387755,0.06487755102040817,-0.025657142857142858,0.059816326530612265,0.8551020408163268,0.0850204081632653,0.08752448979591837
2020-08-20,0.09629230769230772,0.7921230769230767,0.1115692307692308,0.0380876923076923,0.0750923076923077,0.8303230769230766,0.09460000000000002,0.07045846153846151
2020-08-19,0.09131428571428572,0.7994142857142857,0.10924285714285713,0.043045714285714284,0.06910000000000001,0.8347428571428569,0.09617142857142857,0.14158000000000007
2020-08-18,0.08630769230769232,0.8442615384615385,0.06944615384615385,-0.018016923076923076,0.07135384615384617,0.875507692307692,0.05312307692307691,-0.030615384615384617
2020-08-17,0.063013698630137,0.8647945205479447,0.07217808219178082,-0.0018246575342465736,0.05480821917808219,0.8752602739726025,0.06997260273972603,0.06232739726027396
2020-08-16,0.0412,0.8472,0.11159999999999999,0.15632000000000001,0.0684,0.8291999999999999,0.10219999999999999,0.19142
2020-08-15,0.1255,0.821,0.0535,-0.12615,0.113,0.848,0.0385,-0.3121
2020-08-14,0.07180434782608695,0.8616739130434781,0.06654347826086957,-0.005197826086956526,0.07745652173913042,0.8505000000000001,0.07208695652173913,0.01643043478260869
2020-08-13,0.11503030303030301,0.8061212121212122,0.07883333333333332,-0.06448939393939393,0.06760606060606061,0.8552878787878788,0.07706060606060608,0.011607575757575735
2020-08-12,0.11213043478260873,0.8065797101449274,0.08130434782608696,-0.06352028985507245,0.06839130434782609,0.8638115942028985,0.06776811594202897,0.023684057971014492
2020-08-11,0.08424999999999999,0.8446875,0.071046875,-0.030084375000000003,0.0670625,0.8683125,0.06459375,0.007943750000000001
2020-08-10,0.10700000000000003,0.8039193548387097,0.08912903225806453,-0.044716129032258065,0.0677741935483871,0.8613387096774194,0.07090322580645161,0.04336129032258062
2020-08-09,0.06142857142857143,0.7872857142857143,0.15128571428571427,0.15863571428571427,0.03964285714285714,0.8684999999999999,0.09178571428571428,0.15382857142857143
2020-08-08,0.1537777777777778,0.7696666666666667,0.07655555555555554,-0.12781111111111113,0.12355555555555554,0.8236666666666667,0.05266666666666667,-0.04347777777777778
2020-08-07,0.10814285714285711,0.8196785714285717,0.07216071428571429,-0.058255357142857137,0.08183928571428571,0.853660714285714,0.06451785714285714,-0.026605357142857135
2020-08-06,0.0956578947368421,0.8033815789473685,0.10093421052631578,0.017096052631578932,0.08693421052631581,0.8418026315789475,0.07123684210526315,-0.021007894736842114
2020-08-05,0.062423728813559336,0.8455762711864407,0.09201694915254237,0.0439728813559322,0.05654237288135595,0.8595423728813558,0.08396610169491527,0.10870677966101698
2020-08-04,0.09334210526315789,0.8243815789473683,0.08228947368421054,-0.009509210526315776,0.07628947368421052,0.8368947368421051,0.08681578947368422,0.03053157894736842
2020-08-03,0.0741186440677966,0.8446949152542372,0.08116949152542373,-0.0016881355932203412,0.06001694915254238,0.8653220338983051,0.07472881355932202,0.04112881355932202
2020-08-02,0.08442857142857142,0.813857142857143,0.10171428571428572,0.03842857142857143,0.07807142857142858,0.8265000000000001,0.09550000000000002,0.15934285714285717
2020-08-01,0.09883333333333333,0.8807777777777778,0.020388888888888887,-0.12238333333333334,0.09666666666666666,0.8822222222222222,0.021111111111111112,-0.24180000000000001
2020-07-31,0.12528048780487802,0.7870243902439026,0.0876829268292683,-0.06121463414634146,0.0711341463414634,0.8594024390243901,0.06946341463414635,0.04856951219512197
2020-07-30,0.09005504587155966,0.8007798165137613,0.10915596330275229,0.037272477064220176,0.06455045871559632,0.8621192660550461,0.07331192660550458,0.06046055045871564
2020-07-29,0.09023880597014926,0.8050149253731342,0.10476119402985073,0.025725373134328343,0.06504477611940299,0.8621343283582089,0.07277611940298508,0.03322388059701492
2020-07-28,0.07204477611940299,0.822373134328358,0.10559701492537313,0.06075522388059702,0.07497014925373137,0.8513283582089551,0.07361194029850744,0.023386567164179098
2020-07-27,0.044333333333333336,0.8327254901960784,0.122921568627451,0.12207843137254903,0.043176470588235295,0.8719803921568626,0.08486274509803922,0.1154235294117647
2020-07-26,0.057,0.751375,0.191625,0.223325,0.03675,0.8645,0.09875,0.11815
2020-07-25,0.18533333333333335,0.8146666666666667,0.0,-0.28099999999999997,0.12533333333333332,0.8266666666666667,0.04766666666666666,-0.3629
2020-07-24,0.10819607843137255,0.8065098039215685,0.08527450980392157,-0.04572549019607844,0.08037254901960783,0.8594509803921571,0.060176470588235303,-0.04941764705882352
2020-07-23,0.07526153846153845,0.8579692307692307,0.06673846153846152,-0.006540000000000001,0.049769230769230774,0.8877230769230771,0.062492307692307694,0.06042307692307692
2020-07-22,0.08179220779220776,0.8193246753246752,0.09893506493506495,0.012740259740259734,0.07392207792207792,0.855792207792208,0.07025974025974024,0.0014909090909090868
2020-07-21,0.05043333333333333,0.819533333333333,0.13001666666666667,0.12417000000000003,0.05216666666666666,0.8516000000000001,0.09623333333333334,0.17749499999999999
2020-07-20,0.0824179104477612,0.8094179104477612,0.10813432835820896,0.04275373134328358,0.06965671641791045,0.8473432835820895,0.08301492537313433,0.04155223880597016
2020-07-19,0.0,1.0,0.0,0.0,0.059,0.941,0.0,-0.3182
2020-07-18,0.19775,0.77,0.03225,-0.32234999999999997,0.0735,0.919,0.0075,-0.321725
2020-07-17,0.12644444444444447,0.7803650793650793,0.09319047619047617,-0.05471111111111112,0.07580952380952383,0.8703015873015872,0.05387301587301588,-0.06205238095238096
2020-07-16,0.10554166666666666,0.8306583333333336,0.06380833333333334,-0.07266916666666666,0.07419166666666667,0.854191666666667,0.07159999999999993,0.010514166666666661
2020-07-15,0.07749514563106798,0.8387475728155338,0.08375728155339805,0.0146378640776699,0.058728155339805826,0.8601941747572813,0.0810485436893204,0.10127766990291266
2020-07-14,0.09254237288135594,0.8331864406779661,0.07427118644067796,-0.04655000000000001,0.08223728813559321,0.8423305084745765,0.0753898305084746,-0.027324576271186434
2020-07-13,0.05687179487179487,0.8512307692307692,0.0918846153846154,0.05530897435897437,0.05308974358974359,0.8730384615384613,0.07382051282051282,0.10214102564102566
2020-07-12,0.09516666666666666,0.81575,0.08908333333333333,-0.004808333333333341,0.10858333333333332,0.8165833333333334,0.07483333333333334,-0.089675
2020-07-11,0.059,0.8513333333333333,0.08975,0.004016666666666669,0.058,0.8962500000000001,0.04583333333333333,0.009658333333333333
2020-07-10,0.09840506329113927,0.8240632911392403,0.07753164556962026,-0.03501012658227847,0.07769620253164555,0.8572784810126581,0.065,-0.03502911392405063
2020-07-09,0.08483749999999998,0.8538124999999999,0.061325,-0.041785,0.06516249999999998,0.8754125,0.05944999999999999,-0.03152250000000001
2020-07-08,0.10318518518518521,0.8067037037037036,0.09013580246913579,-0.025685185185185175,0.08197530864197533,0.8432469135802471,0.07479012345679013,-0.027983950617283957
2020-07-07,0.08821348314606743,0.8059662921348313,0.10582022471910113,0.028361797752808983,0.0701011235955056,0.8519213483146069,0.07801123595505616,0.021514606741573027
2020-07-06,0.07559722222222223,0.8441666666666666,0.08023611111111112,-0.0007500000000000068,0.06290277777777777,0.8568472222222223,0.08025,0.09047361111111112
2020-07-05,0.04691666666666666,0.8841666666666667,0.06891666666666667,0.032608333333333336,0.06958333333333334,0.8659166666666668,0.06441666666666666,-0.039875000000000015
2020-07-04,0.019857142857142858,0.9062857142857143,0.07385714285714286,0.07292857142857143,0.033857142857142856,0.9074285714285714,0.058571428571428566,0.06748571428571429
2020-07-03,0.07486486486486488,0.8558108108108109,0.06935135135135134,-0.012354054054054056,0.07540540540540541,0.8537837837837838,0.07083783783783783,-0.0439081081081081
2020-07-02,0.1207191011235955,0.7942134831460677,0.08507865168539328,-0.07384269662921349,0.0982696629213483,0.8245393258426965,0.07717977528089888,-0.024662921348314593
2020-07-01,0.09212745098039214,0.8329019607843138,0.07497058823529412,-0.029788235294117633,0.07811764705882353,0.8504607843137254,0.07145098039215689,-0.028087254901960765
2020-06-30,0.11318691588785042,0.8227476635514015,0.06408411214953269,-0.0830130841121495,0.08362616822429908,0.8571308411214953,0.059224299065420566,-0.08036448598130837
2020-06-29,0.11272000000000001,0.8049866666666667,0.08231999999999999,-0.040588000000000006,0.08003999999999999,0.839666666666667,0.08035999999999999,-0.022671999999999994
2020-06-28,0.1253529411764706,0.801470588235294,0.07317647058823529,-0.12616470588235293,0.10264705882352942,0.8146470588235294,0.08270588235294118,-0.03287647058823529
2020-06-27,0.09347058823529412,0.8150588235294118,0.09147058823529411,-0.00995294117647059,0.08505882352941176,0.8254705882352942,0.08952941176470589,-0.06251176470588236
2020-06-26,0.08626506024096385,0.8450481927710843,0.06868674698795178,-0.022622891566265065,0.06743373493975906,0.8683012048192775,0.06427710843373498,-0.03498313253012049
2020-06-25,0.10385148514851486,0.8041683168316834,0.092,-0.016571287128712874,0.07692079207920792,0.8483366336633662,0.07473267326732676,0.0014900990099009825
2020-06-24,0.13606060606060608,0.8055,0.05845454545454545,-0.11855757575757575,0.07184848484848484,0.8613030303030306,0.06684848484848485,-0.023487878787878794
2020-06-23,0.10119999999999998,0.8154857142857143,0.08331428571428572,-0.0430442857142857,0.08815714285714286,0.8320857142857145,0.07968571428571429,-0.061834285714285696
2020-06-22,0.08305333333333334,0.8161333333333334,0.10081333333333331,0.020962666666666668,0.06132,0.8715866666666668,0.06708000000000001,0.025373333333333317
2020-06-21,0.10819999999999999,0.8465999999999999,0.045200000000000004,-0.09627,0.039299999999999995,0.9053999999999999,0.0553,0.07930000000000001
2020-06-20,0.0,1.0,0.0,0.0,0.028,0.972,0.0,-0.11315
2020-06-19,0.08436842105263158,0.8330877192982454,0.08254385964912281,-0.008589473684210522,0.07759649122807019,0.8467894736842108,0.07557894736842105,-0.00732982456140352
2020-06-18,0.07016666666666665,0.8713666666666667,0.058449999999999995,-0.013659999999999995,0.05548333333333333,0.8765000000000002,0.06806666666666666,0.043498333333333354
2020-06-17,0.10549090909090907,0.8063454545454546,0.08812727272727276,-0.019423636363636372,0.09027272727272728,0.8334,0.07634545454545454,-0.06946909090909091
2020-06-16,0.10195312499999999,0.8151874999999997,0.082875,-0.008118750000000011,0.07334374999999999,0.8522031250000001,0.07440625,0.04587968749999999
2020-06-15,0.07459493670886075,0.8502658227848102,0.07513924050632913,0.003308860759493675,0.06656962025316455,0.8614303797468352,0.07200000000000002,0.028206329113924056
2020-06-14,0.2535,0.5700000000000001,0.177,-0.26955,0.1675,0.728,0.105,-0.118
2020-06-13,0.0,0.8878333333333334,0.11216666666666668,0.23376666666666668,0.0415,0.9063333333333333,0.05216666666666667,0.09605000000000001
2020-06-12,0.10363636363636365,0.833618181818182,0.06274545454545456,-0.09020727272727275,0.08832727272727277,0.8279454545454547,0.08376363636363635,-0.05277454545454546
2020-06-11,0.10803333333333333,0.8236888888888886,0.06826666666666667,-0.05693999999999999,0.08342222222222222,0.8480333333333331,0.06853333333333335,-0.02987222222222223
2020-06-10,0.08508536585365854,0.840280487804878,0.07465853658536585,-0.01763170731707318,0.07178048780487806,0.8569024390243901,0.0712926829268293,-0.04400000000000001
2020-06-09,0.1111206896551724,0.8366379310344825,0.05222413793103448,-0.0904258620689655,0.09443103448275864,0.8514137931034483,0.0541551724137931,-0.11910862068965516
2020-06-08,0.08613043478260872,0.8269130434782604,0.08694202898550725,-0.005179710144927534,0.07979710144927536,0.8412463768115942,0.07889855072463767,-0.039223188405797124
2020-06-07,0.09209090909090908,0.7642727272727273,0.14363636363636362,0.03030909090909091,0.04727272727272727,0.8765454545454545,0.07618181818181818,0.12323636363636364
2020-06-06,0.12409090909090909,0.7876363636363636,0.08827272727272727,-0.08476363636363636,0.10763636363636366,0.8343636363636364,0.05790909090909091,-0.2626272727272727
2020-06-05,0.071,0.8596753246753246,0.06932467532467533,-0.013794805194805193,0.06538961038961043,0.8805584415584413,0.054064935064935045,-0.056205194805194814
2020-06-04,0.09026136363636365,0.8167272727272725,0.09303409090909093,-0.005717045454545452,0.08296590909090912,0.844215909090909,0.07286363636363637,-0.012614772727272716
2020-06-03,0.09788888888888886,0.8333055555555556,0.06880555555555556,-0.04560277777777777,0.07502777777777779,0.8565694444444445,0.06836111111111112,-0.042951388888888886
2020-06-02,0.09009589041095889,0.837082191780822,0.07282191780821919,-0.02576438356164383,0.09108219178082194,0.841301369863014,0.06765753424657532,-0.06973972602739723
2020-06-01,0.11395454545454546,0.8253636363636363,0.06071212121212122,-0.08148484848484845,0.07330303030303029,0.852939393939394,0.07374242424242423,-0.022080303030303026
2020-05-31,0.10546666666666667,0.7921999999999999,0.10233333333333333,-0.01094666666666667,0.03713333333333333,0.8649333333333333,0.09793333333333333,0.09278666666666666
2020-05-30,0.22666666666666668,0.6433333333333334,0.13033333333333333,-0.043266666666666655,0.06133333333333333,0.8169999999999998,0.12166666666666666,0.35803333333333337
2020-05-29,0.09979661016949154,0.8338644067796609,0.06630508474576273,-0.04869491525423729,0.07445762711864407,0.8538474576271187,0.07167796610169491,0.03065593220338983
2020-05-28,0.09897196261682241,0.8239439252336447,0.07711214953271026,-0.045936448598130855,0.07469158878504673,0.8665233644859811,0.05878504672897199,-0.058573831775700955
2020-05-27,0.09456470588235297,0.8428588235294117,0.06255294117647058,-0.043118823529411765,0.06532941176470587,0.8728,0.06185882352941178,0.021621176470588237
2020-05-26,0.06558064516129035,0.84752688172043,0.08687096774193546,0.03421827956989247,0.06818279569892474,0.8533548387096775,0.07844086021505378,0.021303225806451612
2020-05-25,0.08523333333333333,0.8258666666666665,0.08886666666666666,-0.028503333333333346,0.0416,0.8755000000000001,0.08293333333333333,0.14010333333333333
2020-05-24,0.04928571428571428,0.851,0.09971428571428571,0.10331428571428572,0.033,0.8982857142857145,0.06871428571428571,0.08855714285714285
2020-05-23,0.07275,0.92725,0.0,-0.156225,0.042749999999999996,0.9390000000000001,0.01825,-0.15225
2020-05-22,0.09161290322580645,0.8073548387096774,0.10106451612903228,0.0383,0.07220967741935481,0.8535806451612905,0.07420967741935484,0.0005532258064516084
2020-05-21,0.0646969696969697,0.8536060606060605,0.08171212121212122,0.0029787878787878815,0.058696969696969706,0.8638939393939392,0.07742424242424242,0.04942272727272727
2020-05-20,0.10479999999999998,0.7995499999999998,0.0956375,-0.016302499999999998,0.07822500000000002,0.8490874999999999,0.07265000000000002,-0.02279499999999999
2020-05-19,0.09243689320388349,0.8284757281553399,0.07909708737864078,-0.02128349514563107,0.07969902912621359,0.8394368932038833,0.08081553398058253,0.012417475728155348
2020-05-18,0.06698529411764706,0.8460882352941175,0.08694117647058824,0.034476470588235296,0.05770588235294118,0.8666617647058824,0.07560294117647058,0.07007205882352942
2020-05-17,0.15859090909090912,0.7942727272727275,0.047181818181818186,-0.15270454545454545,0.1003181818181818,0.8246818181818182,0.07509090909090908,0.046849999999999975
2020-05-16,0.10068750000000001,0.8201875000000001,0.07899999999999999,-0.006874999999999989,0.078875,0.8613125000000001,0.0598125,-0.05185
2020-05-15,0.07275510204081634,0.8503673469387754,0.0769183673469388,-0.0015102040816326542,0.08283673469387758,0.8450612244897958,0.0720408163265306,-0.0009326530612244834
2020-05-14,0.07871428571428572,0.8059464285714284,0.11533928571428574,0.052673214285714295,0.05458928571428571,0.8764464285714286,0.06894642857142856,0.00359821428571428
2020-05-13,0.11871232876712329,0.809876712328767,0.07138356164383561,-0.08707808219178083,0.07846575342465756,0.8686849315068494,0.05282191780821919,-0.08749452054794521
2020-05-12,0.11928125000000005,0.8079531250000003,0.07274999999999998,-0.066321875,0.08173437499999997,0.8506875000000002,0.06756249999999998,-0.037004687499999994
2020-05-11,0.07716129032258064,0.8572903225806453,0.06553225806451614,-0.018577419354838712,0.053629032258064514,0.8764354838709679,0.06993548387096776,0.05077419354838707
2020-05-10,0.0763888888888889,0.8095555555555555,0.11405555555555555,0.053044444444444436,0.05861111111111111,0.8545555555555556,0.08672222222222223,0.11993333333333332
2020-05-09,0.131,0.806,0.063,-0.107425,0.0075,0.9392499999999999,0.05325,0.27747499999999997
2020-05-08,0.11299999999999999,0.8189107142857143,0.06805357142857142,-0.07681964285714286,0.0661607142857143,0.8660357142857141,0.06776785714285714,0.016253571428571426
2020-05-07,0.08029268292682927,0.8351585365853659,0.08453658536585366,0.02161341463414635,0.05546341463414636,0.865170731707317,0.07937804878048782,0.09025487804878046
2020-05-06,0.09340322580645163,0.802193548387097,0.10440322580645162,0.035312903225806457,0.0737258064516129,0.8519516129032259,0.07430645161290321,-0.01175967741935484
2020-05-05,0.10867647058823532,0.7908823529411764,0.10042647058823531,-0.016322058823529415,0.07658823529411767,0.8453088235294117,0.07808823529411765,0.012033823529411765
2020-05-04,0.07439285714285715,0.8398035714285713,0.08580357142857141,0.010783928571428566,0.07391071428571429,0.8545357142857145,0.07157142857142858,-0.0014642857142857255
2020-05-03,0.08804761904761904,0.8283809523809522,0.08361904761904762,0.0008809523809523923,0.0699047619047619,0.8718571428571429,0.058238095238095235,0.049119047619047625
2020-05-02,0.1355,0.7609,0.1036,-0.11535000000000002,0.094,0.8501999999999998,0.05589999999999999,-0.11791
2020-05-01,0.1161875,0.8193750000000001,0.06445833333333333,-0.06599791666666668,0.05706249999999999,0.8649583333333335,0.07797916666666667,0.04906041666666666
2020-04-30,0.09059340659340659,0.8226593406593407,0.08672527472527472,-0.025117582417582413,0.06559340659340658,0.8576263736263741,0.07673626373626374,0.05915604395604396
2020-04-29,0.07673333333333333,0.8202444444444448,0.10303333333333335,0.03916444444444443,0.05875555555555555,0.8590111111111111,0.08227777777777777,0.05524222222222221
2020-04-28,0.12166216216216214,0.7744594594594593,0.10390540540540542,-0.015998648648648653,0.08178378378378377,0.840283783783784,0.07791891891891894,-0.02411756756756758
2020-04-27,0.06433846153846154,0.8399999999999999,0.09566153846153848,0.051727692307692294,0.06507692307692307,0.8498769230769229,0.08498461538461537,0.06356461538461537
2020-04-26,0.08285714285714287,0.8287142857142856,0.08842857142857143,-0.031171428571428565,0.06385714285714285,0.8677142857142855,0.06857142857142857,-0.07894999999999999
2020-04-25,0.06753333333333332,0.8628666666666667,0.06946666666666666,-0.0215,0.09180000000000002,0.8685333333333333,0.03966666666666667,-0.14581333333333335
2020-04-24,0.11267326732673266,0.8020396039603962,0.0852970297029703,-0.051007920792079234,0.08598019801980203,0.8497128712871287,0.06433663366336635,-0.0662980198019802
2020-04-23,0.10564893617021277,0.8030531914893616,0.09125531914893618,-0.03265212765957447,0.09118085106382981,0.8384255319148931,0.07037234042553193,-0.08247340425531918
2020-04-22,0.09131034482758621,0.8261465517241379,0.08253448275862069,-0.019289655172413794,0.08811206896551725,0.8542500000000001,0.057620689655172405,-0.11435603448275859
2020-04-21,0.10279487179487179,0.822128205128205,0.07506837606837605,-0.05457863247863247,0.09855555555555558,0.8334957264957262,0.06794017094017092,-0.12200427350427351
2020-04-20,0.1206829268292683,0.7793292682926828,0.09998780487804877,-0.049245121951219516,0.09204878048780486,0.8302926829268295,0.0776341463414634,-0.04513536585365854
2020-04-19,0.17266666666666666,0.7548333333333334,0.07250000000000001,-0.23561666666666667,0.04033333333333333,0.855,0.1045,0.24325000000000005
2020-04-18,0.042545454545454546,0.8842727272727273,0.07327272727272727,0.03806363636363636,0.05881818181818182,0.9094545454545456,0.03172727272727273,-0.05103636363636365
2020-04-17,0.08714678899082572,0.8200183486238531,0.09283486238532107,0.010648623853211006,0.07446788990825687,0.8495229357798165,0.07604587155963304,0.01296605504587155
2020-04-16,0.07874999999999999,0.8343981481481478,0.08684259259259262,0.012726851851851842,0.06321296296296297,0.8672685185185185,0.06945370370370371,0.04256388888888888
2020-04-15,0.11920000000000001,0.7888000000000001,0.09199,-0.05442800000000001,0.08939,0.8483299999999997,0.062279999999999995,-0.07684800000000001
2020-04-14,0.0969081632653061,0.8108469387755103,0.09225510204081631,-0.00902551020408163,0.0848673469387755,0.8400204081632655,0.07509183673469388,-0.03996938775510204
2020-04-13,0.1004776119402985,0.7950149253731343,0.10452238805970149,0.01166567164179105,0.0647462686567164,0.8622686567164178,0.07292537313432836,-0.009928358208955233
2020-04-12,0.1232307692307692,0.747423076923077,0.12934615384615386,0.006426923076923076,0.07434615384615385,0.8410000000000001,0.0846153846153846,0.0419
2020-04-11,0.08099999999999999,0.8535714285714286,0.06542857142857142,-0.0451642857142857,0.04528571428571428,0.9093571428571428,0.04521428571428571,-0.0017142857142857237
2020-04-10,0.11412962962962962,0.7823148148148148,0.10355555555555553,-0.02987037037037037,0.0629074074074074,0.8489629629629628,0.0880925925925926,0.08032777777777776
2020-04-09,0.09821818181818182,0.8245636363636364,0.07722727272727271,-0.04231454545454545,0.08232727272727271,0.8401727272727275,0.07750000000000001,-0.018097272727272715
2020-04-08,0.08470526315789473,0.8534736842105265,0.061810526315789475,-0.027256842105263156,0.06437894736842104,0.8725052631578943,0.06310526315789473,0.010402105263157897
2020-04-07,0.0911098901098901,0.8371978021978019,0.07171428571428572,-0.03361648351648352,0.06425274725274725,0.8553516483516483,0.08035164835164832,0.041199999999999994
2020-04-06,0.08336111111111114,0.8378888888888888,0.07877777777777778,-0.011562499999999998,0.07673611111111113,0.8625277777777777,0.06076388888888889,-0.034959722222222225
2020-04-05,0.10275000000000001,0.830875,0.066375,-0.092925,0.07524999999999998,0.857875,0.067,-0.1681875
2020-04-04,0.11330769230769232,0.804076923076923,0.08261538461538462,-0.058653846153846154,0.09715384615384615,0.8701538461538463,0.032692307692307694,-0.2716538461538462
2020-04-03,0.11967741935483867,0.790822580645161,0.0894838709677419,-0.05318306451612903,0.07882258064516132,0.8467258064516131,0.0744112903225806,-0.016062096774193537
2020-04-02,0.10260377358490566,0.8233867924528302,0.07400943396226413,-0.05356981132075472,0.07785849056603775,0.8628490566037738,0.05923584905660377,-0.10675283018867925
2020-04-01,0.10074666666666664,0.7996266666666667,0.09961333333333335,-0.011573333333333345,0.09030666666666666,0.8454799999999999,0.0642,-0.14005600000000004
2020-03-31,0.10575280898876407,0.8374157303370786,0.056820224719101135,-0.07267415730337079,0.07497752808988764,0.8580224719101124,0.06696629213483145,-0.04137528089887639
2020-03-30,0.09381927710843371,0.832,0.07420481927710845,-0.023213253012048195,0.06400000000000002,0.8642891566265059,0.07166265060240963,0.002833734939759036
2020-03-29,0.10233333333333333,0.774,0.12366666666666666,-0.011044444444444424,0.08944444444444444,0.8324444444444445,0.078,-0.07677777777777778
2020-03-28,0.10736363636363637,0.8074545454545454,0.08518181818181819,-0.02001818181818181,0.06745454545454545,0.8537272727272728,0.07881818181818182,0.030136363636363638
2020-03-27,0.13346938775510206,0.7919387755102042,0.07460204081632654,-0.10677346938775506,0.0903265306122449,0.8333469387755101,0.0763265306122449,-0.05440510204081634
2020-03-26,0.08617391304347823,0.8147478260869564,0.09909565217391308,0.01599652173913044,0.07670434782608694,0.8387391304347825,0.08453913043478264,-0.0035426086956521635
2020-03-25,0.10809523809523809,0.81225,0.07966666666666666,-0.05328690476190476,0.08879761904761906,0.8470595238095238,0.06410714285714285,-0.09553690476190477
2020-03-24,0.09067021276595742,0.8537765957446809,0.055563829787234044,-0.053731914893617026,0.07752127659574469,0.8639574468085108,0.05848936170212767,-0.07301063829787234
2020-03-23,0.09973863636363638,0.8307045454545455,0.06957954545454546,-0.03309318181818181,0.07060227272727276,0.8589545454545454,0.07039772727272728,0.008007954545454552
2020-03-22,0.095,0.8628076923076922,0.04219230769230769,-0.06204999999999999,0.06196153846153845,0.8983076923076925,0.03969230769230769,-0.00408846153846154
2020-03-21,0.11133333333333334,0.7447619047619047,0.14390476190476192,0.061747619047619044,0.10157142857142858,0.8254761904761905,0.07295238095238095,-0.050542857142857125
2020-03-20,0.09252287581699344,0.8424771241830066,0.06498692810457517,-0.03662352941176471,0.0763660130718954,0.8623006535947711,0.06131372549019609,-0.08646732026143791
2020-03-19,0.10264848484848484,0.8240060606060603,0.07333333333333332,-0.06084545454545455,0.07792727272727273,0.8630000000000002,0.05907272727272729,-0.0691060606060606
2020-03-18,0.09781632653061224,0.8464285714285713,0.05576530612244896,-0.05957755102040817,0.07222448979591838,0.8724285714285714,0.05531632653061225,-0.034908163265306116
2020-03-17,0.08702238805970149,0.826350746268657,0.08662686567164184,0.0044708955223880555,0.07270149253731342,0.8512313432835822,0.07602985074626867,-0.02429701492537314
2020-03-16,0.10790740740740745,0.8395555555555552,0.05249999999999999,-0.08787962962962963,0.07569444444444444,0.8607685185185185,0.06349074074074075,-0.040250925925925926
2020-03-15,0.11367647058823528,0.8227941176470588,0.06352941176470589,-0.061638235294117646,0.08705882352941177,0.8612647058823529,0.05158823529411765,-0.08870294117647061
2020-03-14,0.11874074074074074,0.8404444444444443,0.04081481481481482,-0.09370000000000002,0.08181481481481484,0.8692962962962963,0.04885185185185185,-0.11955925925925924
2020-03-13,0.11708527131782942,0.8432480620155037,0.039674418604651165,-0.12340697674418606,0.06941085271317832,0.8818604651162795,0.04869767441860466,-0.10571472868217052
2020-03-12,0.09430208333333333,0.8220104166666666,0.08370833333333334,-0.020183333333333327,0.07811458333333333,0.8493854166666668,0.07247916666666668,-0.025367708333333332
2020-03-11,0.11693670886075949,0.8159746835443037,0.06707594936708862,-0.07867594936708859,0.08954430379746835,0.8372784810126582,0.07318987341772153,-0.05002151898734177
2020-03-10,0.10667415730337078,0.7854269662921347,0.1078988764044944,-0.005900000000000004,0.08283146067415732,0.8364606741573034,0.0807303370786517,-0.019640449438202246
2020-03-09,0.13037333333333334,0.7955066666666666,0.07416,-0.08848933333333331,0.08422666666666666,0.8434400000000002,0.0724,-0.04483599999999998
2020-03-08,0.1011875,0.8280625000000001,0.07075000000000001,-0.09114375,0.054875,0.8871875,0.0578125,-0.027850000000000007
2020-03-07,0.09404,0.85824,0.04768,-0.081968,0.0908,0.83236,0.07680000000000001,-0.07655199999999997
2020-03-06,0.12065420560747665,0.7939158878504673,0.08542990654205608,-0.055430841121495336,0.07517757009345796,0.8556635514018689,0.06914018691588784,-0.01800560747663552
2020-03-05,0.11909589041095889,0.8158767123287671,0.06505479452054795,-0.09029041095890412,0.08687671232876713,0.845972602739726,0.06716438356164384,-0.027241095890410964
2020-03-04,0.0666,0.8209777777777775,0.11244444444444447,0.0726888888888889,0.06042222222222223,0.8371111111111111,0.10248888888888887,0.16038444444444444
2020-03-03,0.09955670103092785,0.804144329896907,0.09629896907216495,-0.0028206185567010316,0.05702061855670101,0.863494845360825,0.07947422680412372,0.09584020618556699
2020-03-02,0.07754444444444443,0.8392222222222224,0.08320000000000001,0.003124444444444443,0.06463333333333333,0.8467444444444444,0.08864444444444446,0.07041666666666667
2020-03-01,0.11776923076923078,0.7283076923076923,0.15392307692307694,0.02750769230769231,0.07984615384615384,0.7966153846153846,0.1236923076923077,0.09288461538461538
2020-02-29,0.0422,0.9578,0.0,-0.068,0.022600000000000002,0.9464,0.031,0.015539999999999998
2020-02-28,0.09791954022988504,0.8355517241379309,0.06654022988505746,-0.04570344827586207,0.07594252873563218,0.854977011494253,0.06906896551724137,-0.03560689655172414
2020-02-27,0.09196629213483147,0.8289438202247192,0.07906741573033707,-0.012125842696629226,0.06856179775280898,0.867876404494382,0.06358426966292134,-0.016134831460674154
2020-02-26,0.09559420289855074,0.8370434782608697,0.06734782608695651,-0.059386956521739136,0.07031884057971015,0.8606956521739131,0.06904347826086957,0.02375507246376811
2020-02-25,0.09085882352941177,0.8354470588235291,0.07369411764705883,-0.031090588235294123,0.07285882352941178,0.8647176470588236,0.06244705882352943,-0.04622117647058823
2020-02-24,0.12409090909090911,0.8020151515151515,0.07387878787878788,-0.08090757575757578,0.07478787878787876,0.8523787878787878,0.07283333333333333,-0.007851515151515142
2020-02-23,0.1061764705882353,0.7407058823529412,0.15317647058823528,0.11505294117647058,0.054705882352941174,0.8544117647058823,0.09070588235294118,0.10918823529411764
2020-02-22,0.0789047619047619,0.8225238095238095,0.09857142857142859,0.039433333333333334,0.07152380952380952,0.8353809523809523,0.09314285714285715,0.05999523809523811
2020-02-21,0.08913725490196077,0.8193333333333334,0.09150980392156863,0.008123529411764703,0.06858823529411766,0.8559607843137255,0.07549019607843137,0.04957058823529412
2020-02-20,0.08,0.8118936170212764,0.1080851063829787,0.024287234042553184,0.07304255319148936,0.8408936170212767,0.08606382978723404,0.04082553191489363
2020-02-19,0.0680967741935484,0.8373387096774193,0.09458064516129033,0.02368225806451613,0.058516129032258064,0.8645483870967744,0.07688709677419356,0.034209677419354816
2020-02-18,0.12480357142857142,0.7946785714285716,0.08055357142857143,-0.08599642857142857,0.07992857142857145,0.8405714285714285,0.0795,0.0165875
2020-02-17,0.09741176470588236,0.8276176470588235,0.07494117647058822,-0.04357058823529411,0.06082352941176469,0.8830882352941175,0.05602941176470589,-0.07238529411764706
2020-02-16,0.046,0.8557500000000001,0.09825,0.1042125,0.031125,0.8876875,0.08118750000000001,0.1610875
2020-02-15,0.12390476190476189,0.7877142857142858,0.08838095238095238,-0.05805714285714285,0.08185714285714286,0.8320952380952381,0.08595238095238095,0.035071428571428566
2020-02-14,0.10527536231884058,0.8139710144927536,0.0807246376811594,-0.04801594202898551,0.07008695652173913,0.8610289855072464,0.06882608695652175,0.004779710144927533
2020-02-13,0.08573750000000001,0.8112375000000001,0.10299999999999998,0.016867499999999997,0.06262499999999999,0.8756875000000001,0.06170000000000002,-0.007156250000000005
2020-02-12,0.053833333333333316,0.8522738095238095,0.09391666666666668,0.06269880952380952,0.05199999999999999,0.8745476190476189,0.0734642857142857,0.04586666666666669
2020-02-11,0.0764179104477612,0.8387761194029851,0.08480597014925373,0.016192537313432825,0.05238805970149254,0.8747014925373134,0.07291044776119403,0.035064179104477615
2020-02-10,0.10610526315789474,0.8191754385964912,0.07471929824561405,-0.061440350877193,0.08105263157894739,0.8539473684210527,0.06496491228070175,-0.004698245614035094
2020-02-09,0.08358333333333334,0.7801666666666667,0.13625,0.11175833333333333,0.04466666666666667,0.8892500000000001,0.06608333333333334,0.08156666666666666
2020-02-08,0.07350000000000001,0.78,0.14650000000000002,0.12111000000000001,0.0637,0.8661000000000001,0.0702,0.060350000000000015
2020-02-07,0.09431707317073171,0.796048780487805,0.1096341463414634,0.009612195121951196,0.07202439024390242,0.8451829268292682,0.08276829268292683,0.05867560975609757
2020-02-06,0.07628089887640449,0.8375280898876405,0.08619101123595506,0.012684269662921346,0.05522471910112361,0.8599213483146068,0.08482022471910111,0.0483494382022472
2020-02-05,0.056106666666666666,0.8464133333333332,0.09748000000000001,0.06254000000000001,0.050666666666666665,0.8747733333333332,0.07457333333333331,0.08259733333333336
2020-02-04,0.10924509803921571,0.7831372549019608,0.10760784313725492,-0.013771568627450987,0.06690196078431374,0.8438627450980395,0.08922549019607844,0.0738764705882353
2020-02-03,0.09825,0.8010454545454546,0.10070454545454545,0.008346590909090911,0.048806818181818194,0.8734545454545457,0.07770454545454547,0.08470568181818183
2020-02-02,0.12616666666666668,0.77375,0.10016666666666668,-0.056366666666666676,0.10208333333333335,0.8017499999999999,0.09633333333333333,-0.012216666666666662
2020-02-01,0.0735,0.8856666666666667,0.04083333333333333,-0.02338333333333333,0.06183333333333333,0.8525,0.08566666666666667,-0.027283333333333326
2020-01-31,0.1072830188679245,0.8391886792452828,0.053499999999999985,-0.09096509433962259,0.08422641509433959,0.846858490566038,0.06889622641509437,-0.05924150943396226
2020-01-30,0.08887012987012988,0.8045324675324677,0.10657142857142857,0.026798701298701315,0.07411688311688311,0.8437402597402596,0.08218181818181822,0.009220779220779228
2020-01-29,0.09759595959595957,0.8167373737373738,0.08564646464646465,-0.030972727272727273,0.06751515151515153,0.8474040404040404,0.08509090909090909,0.0941575757575758
2020-01-28,0.1091829268292683,0.8099024390243902,0.08093902439024393,-0.04102926829268293,0.07865853658536584,0.8436219512195122,0.07771951219512198,0.0238890243902439
2020-01-27,0.08117500000000001,0.8374250000000002,0.0814,-0.00012749999999999844,0.061250000000000006,0.8554999999999998,0.0832,0.04235500000000001
2020-01-26,0.14055555555555554,0.782888888888889,0.07655555555555554,-0.10417777777777777,0.12633333333333333,0.806888888888889,0.06666666666666667,-0.10731111111111113
2020-01-25,0.08507692307692308,0.8447692307692308,0.07015384615384615,-0.044630769230769224,0.04584615384615384,0.838153846153846,0.116,0.12845384615384617
2020-01-24,0.09922916666666666,0.7843125000000001,0.11641666666666668,0.020027083333333334,0.07177083333333333,0.8460833333333332,0.08220833333333334,0.024572916666666684
2020-01-23,0.09922784810126582,0.8166708860759493,0.08406329113924052,-0.029554430379746834,0.07502531645569617,0.8445949367088605,0.08035443037974684,0.018803797468354432
2020-01-22,0.09813333333333335,0.8237238095238095,0.07812380952380954,-0.025366666666666666,0.07075238095238097,0.851095238095238,0.07813333333333333,0.06485047619047617
2020-01-21,0.10247169811320757,0.8175849056603772,0.0799811320754717,-0.060494339622641516,0.07632075471698113,0.8465471698113207,0.07716981132075472,-0.02725471698113206
2020-01-20,0.06835714285714285,0.8693928571428573,0.06232142857142857,-0.022207142857142852,0.06296428571428572,0.8505000000000001,0.08646428571428574,0.04477857142857141
2020-01-19,0.08661538461538461,0.770846153846154,0.14253846153846153,0.10690769230769229,0.05415384615384616,0.8347692307692308,0.11115384615384616,0.16008461538461535
2020-01-18,0.2295,0.7705000000000001,0.0,-0.348,0.0935,0.8492500000000001,0.057749999999999996,-0.21437499999999998
2020-01-17,0.08141176470588235,0.8265098039215685,0.09205882352941179,0.022643137254901965,0.07449019607843135,0.8302156862745098,0.09527450980392156,0.10323529411764704
2020-01-16,0.07525,0.8078472222222222,0.11694444444444445,0.062043055555555573,0.06497222222222222,0.8394583333333332,0.09558333333333337,0.1399291666666667
2020-01-15,0.06541666666666666,0.8155833333333332,0.11902777777777779,0.09050694444444446,0.04922222222222221,0.8457916666666669,0.10506944444444445,0.21181250000000004
2020-01-14,0.10029032258064517,0.8055645161290322,0.09416129032258067,-0.02321935483870967,0.0835483870967742,0.8284354838709678,0.08803225806451617,-0.00504677419354839
2020-01-13,0.11421153846153846,0.7943846153846155,0.09142307692307693,-0.04495,0.09259615384615384,0.8436923076923077,0.06367307692307692,-0.07474423076923077
2020-01-12,0.0651111111111111,0.8472222222222222,0.08766666666666667,-0.006811111111111113,0.0,0.9085555555555556,0.09133333333333334,0.22754444444444447
2020-01-11,0.08758333333333335,0.7834166666666668,0.129,0.057000000000000016,0.08233333333333333,0.82475,0.09283333333333334,-0.10134999999999998
2020-01-10,0.07544,0.8534800000000001,0.07106,-0.020404,0.06663999999999999,0.8605000000000003,0.07284,0.013461999999999997
2020-01-09,0.06532307692307693,0.825953846153846,0.10870769230769234,0.0544046153846154,0.06267692307692307,0.8510153846153848,0.08627692307692307,0.06129846153846153
2020-01-08,0.11451470588235292,0.7673529411764703,0.11814705882352942,-0.012529411764705884,0.07904411764705882,0.8356911764705883,0.0852205882352941,0.018354411764705876
2020-01-07,0.08018867924528301,0.8750943396226414,0.04471698113207547,-0.06727169811320756,0.059037735849056604,0.8723773584905663,0.06860377358490564,0.005354716981132078
2020-01-06,0.09202941176470587,0.8316176470588236,0.07641176470588235,-0.02585,0.07170588235294117,0.8560588235294118,0.07226470588235295,-0.0147264705882353
2020-01-05,0.16466666666666666,0.7685,0.06675,-0.16110833333333333,0.11341666666666667,0.8360833333333333,0.05050000000000001,-0.13691666666666666
2020-01-04,0.10755555555555557,0.7693333333333334,0.12322222222222222,-0.02013333333333333,0.04533333333333333,0.8882222222222222,0.06666666666666667,0.0744
2020-01-03,0.14024999999999999,0.7871944444444446,0.07261111111111111,-0.1094388888888889,0.09863888888888889,0.846611111111111,0.05472222222222222,-0.14660277777777778
2020-01-02,0.1311111111111111,0.7678888888888888,0.10097222222222223,-0.04811666666666667,0.08788888888888888,0.8290833333333333,0.083,0.0028111111111111097
2020-01-01,0.09325,0.8479166666666665,0.05883333333333333,-0.035783333333333334,0.09291666666666666,0.8499166666666667,0.05716666666666667,-0.096625
2019-12-31,0.06590322580645162,0.8746129032258064,0.05951612903225807,-0.03412580645161291,0.05125806451612903,0.8770967741935488,0.0716774193548387,0.101458064516129
2019-12-30,0.0726,0.8768500000000001,0.05049999999999999,-0.04231999999999999,0.0603,0.8645999999999999,0.07505,0.02912
2019-12-29,0.0,0.8845000000000001,0.1155,0.20095,0.0485,0.8045,0.147,0.35875
2019-12-28,0.1056,0.8943999999999999,0.0,-0.15826,0.0182,0.9182,0.06359999999999999,0.19982
2019-12-27,0.11413333333333334,0.7825333333333333,0.10333333333333333,0.009313333333333314,0.07353333333333331,0.8431333333333334,0.08326666666666667,0.04332
2019-12-26,0.07023529411764706,0.801,0.1287058823529412,0.05919411764705882,0.04952941176470588,0.8302352941176471,0.12011764705882352,0.22461176470588234
2019-12-25,0.013333333333333334,0.9681666666666667,0.0185,0.008466666666666666,0.0325,0.8801666666666667,0.08733333333333333,0.2303166666666667
2019-12-24,0.10366666666666666,0.79,0.10633333333333334,-0.012627777777777762,0.08277777777777778,0.8554444444444443,0.06183333333333333,-0.08542777777777781
2019-12-23,0.11974285714285716,0.7787142857142857,0.10151428571428571,-0.026114285714285722,0.06051428571428571,0.8586000000000001,0.08085714285714286,0.06316285714285715
2019-12-22,0.07944444444444444,0.8053333333333332,0.11522222222222221,0.0656888888888889,0.07066666666666667,0.8606666666666666,0.06877777777777777,-0.07617777777777777
2019-12-21,0.13999999999999999,0.8493846153846154,0.010615384615384617,-0.20719999999999997,0.09200000000000001,0.8212307692307692,0.08684615384615385,-0.06481538461538462
2019-12-20,0.08295348837209303,0.7771627906976744,0.13990697674418606,0.08741162790697672,0.055511627906976745,0.8426511627906975,0.1017906976744186,0.1352906976744186
2019-12-19,0.06155555555555556,0.8291481481481479,0.10931481481481482,0.06408703703703703,0.053111111111111116,0.8633703703703702,0.08348148148148148,0.12714259259259258
2019-12-18,0.07729166666666668,0.8307708333333331,0.0919375,0.019010416666666658,0.05006250000000001,0.8556041666666667,0.094375,0.14185208333333332
2019-12-17,0.04670731707317073,0.8646097560975611,0.08865853658536585,0.053195121951219525,0.05390243902439024,0.864390243902439,0.08175609756097561,0.11784390243902441
2019-12-16,0.07397619047619047,0.8312619047619049,0.09478571428571426,0.022607142857142864,0.04304761904761905,0.8513809523809522,0.10559523809523809,0.2456619047619048
2019-12-15,0.08981818181818181,0.8280909090909091,0.08209090909090909,-0.010109090909090906,0.06527272727272727,0.885090909090909,0.049727272727272724,-0.08686363636363635
2019-12-14,0.026600000000000002,0.868,0.10546666666666667,0.13301999999999997,0.03779999999999999,0.8567333333333332,0.10546666666666667,0.25839333333333336
2019-12-13,0.08446,0.84374,0.07176,-0.031198,0.05966000000000001,0.8455000000000001,0.09484000000000004,0.17397400000000002
2019-12-12,0.06626530612244898,0.8208979591836734,0.11281632653061226,0.07511020408163267,0.05348979591836735,0.8429999999999999,0.10348979591836732,0.20743061224489792
2019-12-11,0.06579310344827585,0.8627413793103448,0.0714655172413793,0.015517241379310338,0.04803448275862069,0.8559827586206896,0.09601724137931032,0.1976620689655172
2019-12-10,0.0935892857142857,0.7986785714285715,0.10771428571428572,0.04023392857142858,0.054392857142857125,0.85825,0.08730357142857145,0.14802500000000002
2019-12-09,0.12647619047619046,0.7977619047619049,0.07571428571428572,-0.09797619047619048,0.07397619047619047,0.8578095238095235,0.06819047619047618,-0.0067142857142857
2019-12-08,0.05449999999999999,0.8012142857142859,0.1442857142857143,0.14095714285714286,0.05542857142857143,0.8309285714285713,0.11342857142857143,0.2544642857142857
2019-12-07,0.0526,0.7821,0.16519999999999999,0.19451000000000002,0.056400000000000006,0.8229,0.12079999999999999,0.21691000000000002
2019-12-06,0.09450000000000001,0.7685588235294117,0.1369117647058824,0.04506764705882351,0.06382352941176472,0.8570882352941176,0.0791470588235294,0.06968235294117643
2019-12-05,0.06734210526315788,0.7918684210526316,0.14081578947368423,0.10450000000000002,0.06678947368421052,0.8276578947368419,0.10547368421052632,0.13192368421052633
2019-12-04,0.11039583333333335,0.7692500000000004,0.12035416666666665,0.02098958333333335,0.0912708333333333,0.8332708333333335,0.0754375,-0.03143541666666667
2019-12-03,0.103231884057971,0.8298405797101446,0.06694202898550725,-0.08276956521739127,0.08372463768115945,0.8456956521739131,0.07056521739130435,-0.06955362318840579
2019-12-02,0.08222222222222222,0.8461777777777778,0.07155555555555557,-0.03189111111111112,0.05146666666666666,0.8700444444444442,0.07846666666666666,0.11858444444444445
2019-12-01,0.06928571428571428,0.7948571428571427,0.13585714285714284,0.09568571428571429,0.08014285714285715,0.8191428571428572,0.10071428571428571,-0.054385714285714294
2019-11-30,0.040999999999999995,0.933,0.026000000000000002,-0.06974,0.05500000000000001,0.8888,0.05619999999999999,-0.059640000000000006
2019-11-29,0.08433333333333333,0.836076923076923,0.07956410256410255,-0.020715384615384625,0.09694871794871794,0.8385128205128203,0.06448717948717948,-0.16314615384615383
2019-11-28,0.10691176470588236,0.8347058823529413,0.05841176470588235,-0.09052058823529412,0.06979411764705883,0.8466764705882353,0.08344117647058823,-0.006276470588235287
2019-11-27,0.06209090909090909,0.8200227272727272,0.11788636363636366,0.08840000000000002,0.041590909090909095,0.8509545454545452,0.10752272727272727,0.27915454545454543
2019-11-26,0.08468888888888888,0.8231333333333333,0.09217777777777778,0.03064666666666668,0.05015555555555555,0.8613333333333334,0.08842222222222224,0.13720000000000002
2019-11-25,0.06199999999999999,0.8046346153846152,0.1333653846153846,0.1157942307692308,0.03950000000000001,0.8741346153846153,0.08642307692307691,0.21170000000000005
2019-11-24,0.04772727272727273,0.9051818181818181,0.04718181818181817,-0.0104,0.03690909090909091,0.9083636363636365,0.054727272727272736,0.07190909090909091
2019-11-23,0.1014,0.8260000000000002,0.0726,-0.05049999999999999,0.07070000000000001,0.8158,0.11340000000000001,0.24186000000000002
2019-11-22,0.08469090909090911,0.8180727272727274,0.09723636363636362,0.01604,0.05847272727272726,0.8478909090909094,0.09361818181818184,0.12912909090909092
2019-11-21,0.09344067796610171,0.7969661016949152,0.1096271186440678,0.011325423728813561,0.07013559322033898,0.8511186440677966,0.07883050847457627,0.040822033898305105
2019-11-20,0.08842253521126761,0.8253943661971832,0.08619718309859156,0.004504225352112686,0.06580281690140846,0.8653521126760564,0.06888732394366195,0.019094366197183105
2019-11-19,0.12161818181818179,0.7801454545454546,0.09823636363636365,-0.058254545454545434,0.07623636363636364,0.8313818181818183,0.0924181818181818,0.016178181818181817
2019-11-18,0.08731578947368425,0.7941228070175439,0.11856140350877192,0.05839649122807018,0.05540350877192983,0.8584561403508774,0.08610526315789474,0.12351052631578946
2019-11-17,0.026600000000000002,0.8437000000000001,0.1296,0.19252,0.023,0.9188000000000001,0.05820000000000001,0.12726
2019-11-16,0.08124999999999999,0.8305,0.08825,0.026175000000000004,0.08075,0.8574999999999999,0.06175,-0.0736
2019-11-15,0.08021428571428571,0.8251607142857141,0.09458928571428571,0.02442857142857143,0.07055357142857142,0.835267857142857,0.09421428571428571,0.09759642857142861
2019-11-14,0.08192857142857143,0.8018214285714284,0.11623214285714285,0.056005357142857135,0.04912500000000001,0.8712142857142855,0.07969642857142857,0.10753392857142856
2019-11-13,0.09015094339622642,0.8305849056603777,0.07928301886792452,-0.0073150943396226315,0.057075471698113195,0.8645660377358491,0.07845283018867924,0.0916754716981132
2019-11-12,0.12913953488372093,0.7838372093023256,0.08700000000000001,-0.05105116279069768,0.08655813953488375,0.8434883720930233,0.06990697674418604,-0.0731418604651163
2019-11-11,0.05848888888888889,0.8495555555555553,0.09193333333333334,0.041226666666666655,0.04346666666666667,0.8829555555555558,0.07362222222222223,0.11581333333333332
2019-11-10,0.06366666666666666,0.8370000000000001,0.09933333333333333,0.09194999999999999,0.018666666666666668,0.868,0.11333333333333334,0.31226666666666664
2019-11-09,0.058666666666666666,0.7895,0.15166666666666667,0.15195,0.06583333333333334,0.8631666666666667,0.07100000000000001,0.013116666666666646
2019-11-08,0.08159523809523811,0.8065000000000001,0.11188095238095236,0.04446428571428572,0.055309523809523795,0.8565476190476188,0.08816666666666668,0.1424
2019-11-07,0.09433333333333334,0.8063950617283948,0.09924691358024693,0.017892592592592602,0.05299999999999999,0.8481728395061726,0.09881481481481481,0.19662962962962957
2019-11-06,0.07411594202898551,0.8196231884057971,0.10624637681159423,0.05964927536231884,0.063,0.8588840579710144,0.07807246376811597,0.04674782608695652
2019-11-05,0.08995238095238096,0.7925873015873015,0.11744444444444446,0.0618095238095238,0.06561904761904762,0.8385396825396824,0.09582539682539684,0.11608888888888891
2019-11-04,0.07614516129032259,0.8430000000000001,0.08087096774193547,0.011824193548387096,0.04779032258064516,0.8760483870967741,0.0761451612903226,0.09547096774193549
2019-11-03,0.0419047619047619,0.9228095238095237,0.03528571428571429,0.012566666666666667,0.03833333333333334,0.8495714285714286,0.1120952380952381,0.18764761904761906
2019-11-02,0.06585714285714285,0.7587142857142857,0.17557142857142857,0.22238571428571424,0.09142857142857143,0.7912857142857144,0.11742857142857142,0.11761428571428574
2019-11-01,0.05910000000000001,0.8291875,0.1117375,0.0783975,0.0587125,0.8420500000000002,0.09923749999999999,0.17443875
2019-10-31,0.07020987654320988,0.8144567901234566,0.11532098765432103,0.06195679012345677,0.0635432098765432,0.8283086419753088,0.10812345679012345,0.17149629629629626
2019-10-30,0.08801098901098901,0.832835164835165,0.07915384615384614,-0.020303296703296704,0.06287912087912088,0.8587692307692312,0.07835164835164833,0.0682120879120879
2019-10-29,0.0735294117647059,0.8228970588235295,0.1035735294117647,0.02626911764705883,0.06039705882352943,0.8483529411764704,0.09122058823529412,0.12436470588235293
2019-10-28,0.08213207547169811,0.7936037735849053,0.12424528301886792,0.05301509433962263,0.06143396226415094,0.8353962264150941,0.10313207547169811,0.13770188679245282
2019-10-27,0.057625,0.867125,0.07525,0.03052499999999999,0.038,0.8411250000000001,0.12087499999999998,0.2745375
2019-10-26,0.08633333333333333,0.8173333333333334,0.09633333333333334,-0.04678333333333334,0.024000000000000004,0.8858333333333334,0.09016666666666667,0.29435
2019-10-25,0.08915384615384615,0.8082615384615384,0.10256923076923075,0.027127692307692304,0.05586153846153845,0.8643846153846151,0.07973846153846154,0.10671846153846153
2019-10-24,0.10925423728813562,0.7526949152542373,0.13811864406779661,0.0540457627118644,0.06505084745762713,0.830728813559322,0.10423728813559323,0.12955084745762713
2019-10-23,0.09472727272727273,0.7797272727272728,0.12556363636363638,0.04853999999999999,0.058854545454545465,0.8500545454545457,0.09109090909090908,0.12953090909090909
2019-10-22,0.10027586206896555,0.8186551724137933,0.08108620689655173,-0.03276034482758621,0.07525862068965519,0.8322931034482757,0.09243103448275865,0.06909310344827588
2019-10-21,0.085375,0.835,0.079625,-0.019105000000000004,0.07824999999999999,0.8398,0.0819,-0.013307499999999995
2019-10-20,0.05466666666666666,0.8754166666666667,0.07,0.02831666666666667,0.03916666666666666,0.8744999999999998,0.08616666666666667,0.14946666666666666
2019-10-19,0.037000000000000005,0.8614444444444445,0.10155555555555557,0.12786666666666666,0.03711111111111112,0.9054444444444444,0.057555555555555554,0.08495555555555556
2019-10-18,0.10999999999999999,0.7711395348837211,0.11883720930232557,0.01318372093023255,0.08632558139534885,0.8205581395348837,0.09320930232558142,0.03830232558139535
2019-10-17,0.10921311475409835,0.802016393442623,0.08875409836065573,-0.05005409836065573,0.06737704918032787,0.8416065573770495,0.09103278688524587,0.09723278688524592
2019-10-16,0.10301851851851852,0.8117407407407407,0.08525925925925924,-0.023781481481481466,0.06316666666666668,0.8560000000000001,0.08092592592592593,0.06767222222222222
2019-10-15,0.07360344827586207,0.8117586206896552,0.11465517241379307,0.05247931034482757,0.06424137931034482,0.8449827586206895,0.0907758620689655,0.08499137931034483
2019-10-14,0.07575000000000001,0.8619444444444443,0.06236111111111112,-0.0021027777777777746,0.05741666666666667,0.8500833333333333,0.09255555555555556,0.14326666666666663
2019-10-13,0.15457142857142855,0.777142857142857,0.0682857142857143,-0.1265857142857143,0.04914285714285715,0.8615714285714287,0.08928571428571429,0.16822857142857142
2019-10-12,0.12016666666666666,0.8433333333333334,0.0365,-0.08518333333333332,0.07616666666666667,0.8243333333333335,0.09950000000000002,-0.027600000000000003
2019-10-11,0.07627118644067797,0.8498813559322033,0.07383050847457627,-0.016371186440677966,0.059949152542372874,0.8682881355932207,0.07183050847457627,0.01534237288135593
2019-10-10,0.0805806451612903,0.8395645161290324,0.07987096774193549,-0.013146774193548382,0.06061290322580645,0.8607258064516129,0.07869354838709679,0.06901612903225805
2019-10-09,0.08133928571428571,0.8278571428571428,0.09080357142857144,0.0045357142857142835,0.05585714285714287,0.8570892857142856,0.0870357142857143,0.104475
2019-10-08,0.08933333333333332,0.8610588235294118,0.04958823529411765,-0.04299607843137255,0.06235294117647058,0.85678431372549,0.08086274509803923,0.07667450980392156
2019-10-07,0.14935294117647058,0.7690588235294118,0.08158823529411764,-0.10320882352941177,0.06341176470588235,0.8731470588235295,0.06335294117647058,-0.011105882352941174
2019-10-06,0.04575,0.902,0.05225,0.0197,0.108,0.8345,0.056999999999999995,-0.2618
2019-10-05,0.04,0.9165,0.0435,0.0,0.0175,0.94825,0.034,0.124025
2019-10-04,0.09584782608695654,0.8233913043478264,0.0807391304347826,-0.002704347826086959,0.060239130434782615,0.8555869565217388,0.08408695652173914,0.08936304347826086
2019-10-03,0.09608771929824562,0.8306315789473684,0.07329824561403508,-0.043259649122807026,0.07426315789473685,0.8519122807017543,0.07378947368421052,-0.008222807017543863
2019-10-02,0.12350980392156861,0.7988823529411764,0.0776078431372549,-0.09080000000000002,0.0858039215686275,0.8131960784313724,0.10090196078431372,0.024329411764705884
2019-10-01,0.1425909090909091,0.7874545454545455,0.06997727272727272,-0.13126136363636362,0.07136363636363637,0.8729318181818185,0.055704545454545465,-0.07528636363636364
2019-09-30,0.10528947368421053,0.8050263157894736,0.08968421052631577,-0.04968684210526314,0.06821052631578949,0.8602105263157893,0.07160526315789474,-0.004565789473684201
2019-09-29,0.12928571428571428,0.7707142857142857,0.10014285714285716,-0.01975714285714285,0.06685714285714285,0.8384285714285714,0.09457142857142856,0.1738142857142857
2019-09-28,0.0,1.0,0.0,0.0,0.0742,0.9034000000000001,0.022600000000000002,-0.24017999999999998
2019-09-27,0.09751851851851853,0.8356666666666667,0.06685185185185186,-0.07071111111111111,0.07268518518518519,0.8517037037037037,0.07566666666666666,-0.0037851851851851857
2019-09-26,0.08544827586206895,0.8211551724137931,0.09344827586206898,0.022232758620689654,0.0648793103448276,0.8491206896551723,0.08601724137931037,0.09997241379310343
2019-09-25,0.10911111111111112,0.8134111111111111,0.07745555555555557,-0.05800333333333333,0.06835555555555554,0.868311111111111,0.06336666666666668,-0.027307777777777778
2019-09-24,0.12439999999999998,0.8079285714285718,0.06762857142857143,-0.09858428571428575,0.07575714285714287,0.8542142857142851,0.0699857142857143,-0.006364285714285704
2019-09-23,0.09434146341463415,0.8248048780487803,0.08086585365853659,-0.02591219512195122,0.07546341463414635,0.8639390243902437,0.06056097560975609,-0.04265365853658535
2019-09-22,0.08307142857142857,0.7990000000000002,0.11792857142857145,0.05052857142857144,0.08571428571428572,0.8119285714285713,0.10228571428571429,0.02152142857142861
2019-09-21,0.10275000000000001,0.757,0.14024999999999999,0.07999999999999999,0.02925,0.9249999999999999,0.04575,0.064075
2019-09-20,0.13020689655172413,0.8283620689655172,0.041448275862068965,-0.13865172413793103,0.07220689655172415,0.8477586206896556,0.08000000000000003,0.01629999999999999
2019-09-19,0.06528813559322033,0.835406779661017,0.09937288135593221,0.03619152542372881,0.05542372881355931,0.8493220338983052,0.09523728813559325,0.13486271186440682
2019-09-18,0.11848148148148151,0.8297037037037037,0.05179629629629629,-0.12526296296296296,0.08514814814814818,0.838351851851852,0.0764814814814815,-0.05242592592592594
2019-09-17,0.11919999999999997,0.8021,0.0786625,-0.05958,0.08305000000000003,0.8478499999999999,0.0689875,-0.08042750000000001
2019-09-16,0.18309677419354842,0.7552580645161291,0.06167741935483869,-0.2339274193548386,0.11704838709677422,0.8131774193548387,0.06969354838709678,-0.21816774193548388
2019-09-15,0.2023333333333333,0.7541666666666668,0.043500000000000004,-0.2742500000000001,0.12544444444444444,0.7943333333333332,0.08022222222222222,-0.24198888888888892
2019-09-14,0.152375,0.8304999999999999,0.017125,-0.212725,0.06974999999999999,0.873625,0.056625,-0.060475000000000015
2019-09-13,0.08496774193548388,0.8112903225806453,0.10374193548387096,0.04168387096774193,0.06196774193548387,0.8621290322580646,0.07590322580645162,0.014661290322580648
2019-09-12,0.08314705882352942,0.8420882352941179,0.07477941176470587,-0.023317647058823526,0.07216176470588237,0.8415735294117648,0.08625,0.06290588235294114
2019-09-11,0.13546808510638295,0.7986382978723403,0.06591489361702128,-0.10862765957446809,0.08331914893617022,0.8406595744680848,0.07597872340425532,-0.026574468085106377
2019-09-10,0.08110344827586208,0.8354827586206895,0.08341379310344826,-0.005868965517241378,0.05172413793103449,0.8697586206896551,0.07855172413793103,0.12053793103448272
2019-09-09,0.07456521739130434,0.8329782608695652,0.09245652173913045,0.033349999999999984,0.055217391304347815,0.8668913043478258,0.07793478260869566,0.10655869565217393
2019-09-08,0.126,0.8740000000000001,0.0,-0.23904999999999998,0.09733333333333333,0.859,0.043666666666666666,-0.27138333333333337
2019-09-07,0.0,0.8704000000000001,0.1296,0.2213,0.09519999999999999,0.8068,0.098,0.023560000000000005
2019-09-06,0.07872413793103449,0.8215862068965518,0.09968965517241381,0.022706896551724132,0.047241379310344826,0.8497241379310346,0.10303448275862066,0.21660689655172416
2019-09-05,0.053520000000000005,0.8817,0.06476,0.017091999999999986,0.05836000000000001,0.8512200000000003,0.09037999999999999,0.113862
2019-09-04,0.0881276595744681,0.804531914893617,0.10734042553191489,0.024887234042553184,0.06972340425531916,0.8483404255319149,0.0820212765957447,0.052459574468085114
2019-09-03,0.15553658536585369,0.7732926829268292,0.07114634146341464,-0.12402926829268293,0.09121951219512195,0.8533658536585366,0.05541463414634146,-0.15223658536585366
2019-09-02,0.07968,0.8228,0.09748,0.046016000000000015,0.056560000000000006,0.86212,0.08136000000000002,0.132936
2019-09-01,0.159,0.757,0.084,-0.1645,0.10433333333333333,0.8323333333333333,0.06333333333333334,-0.17120000000000002
2019-08-31,0.08875,0.91125,0.0,-0.1421,0.07625,0.90625,0.0175,-0.2773
2019-08-30,0.09687234042553192,0.8046595744680851,0.09846808510638298,-0.025912765957446807,0.06378723404255318,0.8591489361702128,0.07699999999999999,0.054457446808510626
2019-08-29,0.07542222222222222,0.8203111111111111,0.10426666666666669,0.04983111111111111,0.061866666666666674,0.8346,0.10353333333333335,0.1674311111111111
2019-08-28,0.08613725490196078,0.8377843137254904,0.0760392156862745,-0.0310607843137255,0.07776470588235293,0.8459803921568629,0.07623529411764707,-0.002649019607843135
2019-08-27,0.12348936170212767,0.7977659574468086,0.0787659574468085,-0.08784468085106381,0.09214893617021273,0.8337021276595744,0.07423404255319149,-0.07953191489361702
2019-08-26,0.0326875,0.8643124999999999,0.103,0.11352187500000001,0.0408125,0.8703125,0.08896875,0.160825
2019-08-25,0.1625333333333333,0.7720000000000001,0.06553333333333333,-0.16949333333333336,0.07293333333333334,0.829,0.09813333333333334,0.07632666666666667
2019-08-24,0.14479999999999998,0.8009999999999999,0.054200000000000005,-0.12222,0.087,0.876,0.0368,-0.29466000000000003
2019-08-23,0.1392857142857143,0.7887285714285717,0.07198571428571428,-0.1347842857142857,0.07337142857142857,0.858742857142857,0.06784285714285714,-0.04564142857142857
2019-08-22,0.12504651162790698,0.7982790697674417,0.07667441860465114,-0.07349767441860465,0.09272093023255815,0.8163953488372092,0.09083720930232556,-0.034897674418604654
2019-08-21,0.08916326530612244,0.812408163265306,0.09840816326530614,0.006861224489795917,0.0693265306122449,0.8431224489795915,0.08746938775510205,0.06272244897959185
2019-08-20,0.10141666666666667,0.8058333333333333,0.09275000000000001,-0.007095833333333337,0.056750000000000016,0.8490625000000002,0.09427083333333332,0.1387020833333333
2019-08-19,0.16592307692307695,0.7560769230769231,0.07803846153846153,-0.1464230769230769,0.09157692307692308,0.8229999999999998,0.08534615384615384,-0.047569230769230766
2019-08-18,0.059,0.8383333333333334,0.10233333333333333,0.05516666666666667,0.021666666666666667,0.882,0.09600000000000002,0.3419666666666667
2019-08-17,0.10228571428571429,0.8034285714285714,0.09428571428571429,-0.10015714285714285,0.05071428571428571,0.8897142857142856,0.05971428571428571,-0.024728571428571433
2019-08-16,0.13287096774193546,0.797741935483871,0.06938709677419354,-0.0930258064516129,0.0808064516129032,0.8319032258064516,0.08732258064516128,0.010087096774193536
2019-08-15,0.15082857142857142,0.7656857142857144,0.08345714285714288,-0.11351714285714284,0.0912857142857143,0.8149714285714285,0.09368571428571427,0.004157142857142853
2019-08-14,0.11460000000000001,0.768,0.117425,-0.00048249999999999406,0.0673,0.8393249999999999,0.09345000000000002,0.102935
2019-08-13,0.095075,0.818075,0.08682499999999999,-0.006939999999999997,0.06689999999999999,0.838275,0.09477499999999998,0.09434249999999997
2019-08-12,0.13829629629629628,0.7853333333333333,0.07633333333333334,-0.11769259259259261,0.07977777777777778,0.8478888888888888,0.07233333333333333,-0.030329629629629654
2019-08-11,0.122,0.775875,0.102125,-0.027637499999999995,0.11375,0.842125,0.044125000000000004,-0.1842875
2019-08-10,0.16466666666666666,0.8353333333333334,0.0,-0.26626666666666665,0.053,0.842,0.105,0.2695
2019-08-09,0.12266666666666667,0.8026666666666666,0.07466666666666666,-0.08405757575757576,0.09036363636363637,0.8330909090909091,0.07642424242424244,-0.0666939393939394
2019-08-08,0.09426315789473684,0.8141842105263158,0.09155263157894737,-0.004778947368421056,0.06373684210526316,0.8475263157894738,0.08876315789473684,0.10138421052631576
2019-08-07,0.10433333333333338,0.7759411764705879,0.1197450980392157,0.020337254901960772,0.0722156862745098,0.8387058823529411,0.089156862745098,0.07688431372549022
2019-08-06,0.08016666666666666,0.8392619047619047,0.08057142857142857,-0.00461190476190476,0.0620952380952381,0.8603571428571429,0.07757142857142858,0.08727142857142854
2019-08-05,0.11663636363636365,0.7894318181818182,0.09393181818181819,-0.021440909090909087,0.07818181818181819,0.8444318181818182,0.07738636363636366,0.015540909090909095
2019-08-04,0.10775000000000001,0.7446249999999999,0.14750000000000002,0.003312499999999989,0.042749999999999996,0.8915,0.06574999999999999,0.1451625
2019-08-03,0.030833333333333334,0.9401666666666665,0.028999999999999998,-0.01466666666666667,0.07633333333333334,0.8893333333333334,0.034333333333333334,-0.20643333333333333
2019-08-02,0.11448,0.78258,0.10292,-0.02991199999999999,0.06983999999999999,0.8558599999999997,0.07428,0.003314000000000008
2019-08-01,0.1258939393939394,0.7854696969696968,0.08866666666666667,-0.0738287878787879,0.07860606060606058,0.8423181818181819,0.07906060606060604,-0.0335560606060606
2019-07-31,0.12165573770491803,0.7893278688524589,0.08904918032786885,-0.055139344262295074,0.07988524590163931,0.8408688524590168,0.07919672131147543,0.002562295081967202
2019-07-30,0.12155172413793104,0.760603448275862,0.11786206896551724,-0.014079310344827586,0.07924137931034486,0.8176724137931034,0.1029655172413793,0.08626379310344828
2019-07-29,0.05202777777777778,0.8405833333333332,0.10741666666666666,0.07573611111111113,0.05763888888888889,0.8638333333333335,0.0785,0.08303055555555555
2019-07-28,0.06,0.858,0.082,0.06743333333333333,0.018333333333333333,0.9089999999999999,0.073,0.25806666666666667
2019-07-27,0.0334,0.9380000000000001,0.028599999999999997,0.019379999999999998,0.0626,0.9061999999999999,0.0312,-0.21866
2019-07-26,0.06756410256410257,0.7612820512820512,0.17112820512820515,0.15912307692307695,0.0448974358974359,0.8520512820512821,0.10305128205128208,0.2674538461538461
2019-07-25,0.08266666666666667,0.7826666666666667,0.13466666666666663,0.08391666666666668,0.03991666666666666,0.866875,0.09320833333333335,0.22653958333333332
2019-07-24,0.09895238095238097,0.7964523809523809,0.10457142857142858,0.012869047619047627,0.0746904761904762,0.8336190476190476,0.09164285714285714,0.0833690476190476
2019-07-23,0.05748837209302326,0.8065116279069766,0.136,0.12935813953488376,0.046953488372093025,0.8303023255813954,0.12274418604651163,0.323953488372093
2019-07-22,0.06825714285714286,0.8043714285714286,0.12734285714285715,0.07480857142857143,0.04054285714285714,0.8580000000000001,0.10148571428571428,0.22320285714285715
2019-07-21,0.0,1.0,0.0,0.0,0.069,0.931,0.0,-0.2023
2019-07-20,0.08175,0.91825,0.0,-0.132475,0.08549999999999999,0.88625,0.028249999999999997,-0.17120000000000002
2019-07-19,0.11037500000000001,0.7853125000000001,0.10421875000000001,-0.008993750000000009,0.0769375,0.8311875000000001,0.09184375,0.04475624999999999
2019-07-18,0.09936363636363638,0.78825,0.11236363636363636,0.02855227272727273,0.0785909090909091,0.8300227272727273,0.09136363636363636,0.06308409090909091
2019-07-17,0.08696666666666666,0.7756666666666665,0.13726666666666665,0.034756666666666665,0.058733333333333325,0.8584666666666666,0.08286666666666667,0.06562666666666667
2019-07-16,0.07664705882352942,0.8000980392156865,0.12317647058823529,0.0689137254901961,0.061666666666666675,0.8336078431372551,0.10472549019607842,0.16527254901960786
2019-07-15,0.07959574468085108,0.8477872340425533,0.07263829787234041,-0.00897021276595745,0.08514893617021278,0.8515531914893618,0.06327659574468084,-0.09830212765957448
2019-07-14,0.05875,0.87225,0.06912499999999999,-0.025662499999999998,0.016375,0.90525,0.078375,0.19290000000000002
2019-07-13,0.0885,0.6815,0.22949999999999998,0.2006,0.1125,0.8375,0.05,-0.40835
2019-07-12,0.08705405405405406,0.8231891891891893,0.08978378378378378,-0.005467567567567566,0.060729729729729724,0.8562432432432433,0.08291891891891892,0.09853513513513514
2019-07-11,0.06333333333333332,0.8464871794871794,0.09017948717948718,0.03912820512820513,0.0733076923076923,0.8456666666666667,0.08117948717948718,-0.00465128205128202
2019-07-10,0.10219512195121952,0.7957317073170732,0.10209756097560975,-0.004699999999999992,0.06690243902439026,0.8595365853658539,0.07353658536585367,0.009851219512195104
2019-07-09,0.0841904761904762,0.827857142857143,0.0879047619047619,0.010871428571428568,0.06492857142857142,0.8692857142857142,0.06576190476190476,-0.036678571428571435
2019-07-08,0.10986111111111112,0.8011111111111112,0.08900000000000001,-0.025811111111111118,0.0653611111111111,0.8518611111111112,0.08277777777777778,0.05753333333333335
2019-07-07,0.06322222222222222,0.8059999999999999,0.13077777777777777,0.11096666666666666,0.024555555555555556,0.9153333333333333,0.060111111111111115,0.08355555555555558
2019-07-06,0.17333333333333334,0.6230000000000001,0.20366666666666666,-0.021799999999999996,0.07666666666666666,0.7716666666666666,0.15166666666666664,0.2949333333333333
2019-07-05,0.08141935483870968,0.7733548387096775,0.14519354838709678,0.11295483870967743,0.05341935483870967,0.8710645161290325,0.07548387096774195,0.06245806451612904
2019-07-04,0.12149999999999998,0.8469,0.0316,-0.114205,0.09079999999999999,0.8695999999999999,0.03955,-0.17060000000000003
2019-07-03,0.07607407407407409,0.8260370370370369,0.09788888888888889,0.03476666666666665,0.08318518518518518,0.849,0.06781481481481481,-0.09371851851851852
2019-07-02,0.06276190476190477,0.8103095238095238,0.12692857142857145,0.10505952380952382,0.062119047619047615,0.8475476190476189,0.09026190476190478,0.09873809523809525
2019-07-01,0.10300000000000004,0.7862820512820513,0.1106923076923077,0.014492307692307707,0.05497435897435897,0.8288717948717947,0.11623076923076926,0.22655897435897437
2019-06-30,0.07466666666666666,0.7729166666666666,0.15241666666666667,0.08549166666666667,0.08166666666666668,0.8006666666666665,0.11774999999999998,0.09442500000000002
2019-06-29,0.04594736842105263,0.7846842105263158,0.16931578947368423,0.22006842105263164,0.042105263157894736,0.836157894736842,0.12178947368421053,0.3351105263157895
2019-06-28,0.07110344827586208,0.8178275862068966,0.11108620689655174,0.07127068965517241,0.061431034482758634,0.8498275862068965,0.08872413793103448,0.0974655172413793
2019-06-27,0.08662745098039216,0.8422549019607842,0.07111764705882352,-0.04324313725490196,0.06572549019607844,0.8614117647058825,0.07284313725490196,0.05504117647058824
2019-06-26,0.11554761904761907,0.8101904761904761,0.07423809523809524,-0.08300714285714288,0.07935714285714286,0.8334761904761903,0.08711904761904761,-0.021978571428571427
2019-06-25,0.13453658536585364,0.778951219512195,0.08646341463414633,-0.0784121951219512,0.09221951219512195,0.8289268292682926,0.07902439024390244,-0.07233658536585365
2019-06-24,0.10287499999999998,0.8165750000000003,0.080575,-0.044005,0.06852500000000002,0.8471249999999999,0.08430000000000001,0.08195500000000001
2019-06-23,0.049999999999999996,0.8348571428571427,0.11514285714285714,0.08857142857142856,0.04328571428571428,0.8435714285714287,0.113,0.27868571428571426
2019-06-22,0.028,0.8421428571428571,0.12985714285714287,0.15202857142857143,0.05714285714285715,0.913142857142857,0.02957142857142857,-0.11638571428571427
2019-06-21,0.10362790697674419,0.8369767441860464,0.05944186046511627,-0.08040232558139535,0.06797674418604652,0.8440465116279072,0.08802325581395347,0.06200465116279072
2019-06-20,0.08452941176470587,0.8365588235294117,0.07891176470588236,-0.0019852941176470573,0.06141176470588235,0.8700294117647058,0.06858823529411764,0.025511764705882345
2019-06-19,0.07076712328767122,0.860041095890411,0.0691917808219178,0.00111780821917808,0.04904109589041096,0.8710547945205477,0.07987671232876713,0.11793424657534243
2019-06-18,0.058054545454545456,0.8607454545454545,0.08116363636363637,0.0332090909090909,0.05141818181818183,0.8744363636363632,0.07416363636363636,0.07592727272727273
2019-06-17,0.1272894736842105,0.7787368421052633,0.09402631578947368,-0.05857105263157894,0.08057894736842104,0.8292105263157893,0.0903157894736842,0.07347368421052633
2019-06-16,0.043444444444444445,0.8903333333333333,0.06622222222222224,0.03783333333333334,0.028444444444444446,0.8917777777777778,0.07966666666666666,0.22032222222222222
2019-06-15,0.127875,0.82575,0.046375,-0.1161625,0.0895,0.83675,0.073875,-0.139525
2019-06-14,0.06463414634146342,0.845219512195122,0.09009756097560978,0.05198536585365854,0.06080487804878049,0.860560975609756,0.07865853658536584,0.08110487804878051
2019-06-13,0.14622916666666666,0.7797916666666667,0.07395833333333335,-0.14137291666666665,0.07977083333333333,0.8408541666666668,0.079375,-0.018458333333333347
2019-06-12,0.09452727272727274,0.8152181818181817,0.09025454545454546,-0.008318181818181824,0.06894545454545455,0.8594000000000002,0.07163636363636365,0.014272727272727275
2019-06-11,0.06247619047619048,0.8468809523809523,0.09064285714285714,0.044359523809523814,0.05295238095238096,0.8638333333333335,0.08321428571428571,0.11217857142857147
2019-06-10,0.05506896551724138,0.8025862068965519,0.14227586206896553,0.1511793103448276,0.056137931034482766,0.8307241379310345,0.11313793103448276,0.20890344827586207
2019-06-09,0.12004,0.7844399999999997,0.09555999999999999,-0.04691599999999999,0.0868,0.841,0.07228000000000001,-0.098968
2019-06-08,0.13958823529411762,0.7428235294117647,0.11758823529411765,-0.0182764705882353,0.11711764705882352,0.7632352941176471,0.11958823529411766,-0.04063529411764708
2019-06-07,0.10786,0.8207799999999996,0.07140000000000002,-0.07350400000000004,0.08092000000000002,0.8375199999999999,0.08163999999999999,0.014789999999999992
2019-06-06,0.10441379310344828,0.8001206896551724,0.0955,-0.028039655172413795,0.05527586206896553,0.8680344827586206,0.07667241379310344,0.0745862068965517
2019-06-05,0.09516981132075475,0.8043396226415093,0.10050943396226414,-0.009898113207547176,0.06749056603773587,0.8477358490566038,0.084811320754717,0.056237735849056614
2019-06-04,0.09985,0.7982666666666666,0.10188333333333333,-0.0018766666666666747,0.06083333333333336,0.8759166666666669,0.06328333333333333,0.020346666666666673
2019-06-03,0.09219999999999999,0.8151799999999997,0.09260000000000002,-0.019072000000000006,0.06666000000000001,0.84602,0.0873,0.07335599999999999
2019-06-02,0.10678260869565218,0.7894347826086955,0.10378260869565217,-0.04560869565217391,0.067,0.8560000000000001,0.07695652173913044,0.0061826086956521835
2019-06-01,0.016857142857142855,0.8799285714285714,0.10321428571428572,0.13317142857142855,0.06671428571428571,0.8425000000000001,0.09085714285714287,0.103
2019-05-31,0.13547727272727272,0.7803636363636364,0.08415909090909092,-0.11282272727272727,0.08761363636363637,0.847931818181818,0.06449999999999999,-0.14719545454545455
2019-05-30,0.10006818181818183,0.819068181818182,0.08086363636363636,-0.03975454545454544,0.09172727272727274,0.8354772727272728,0.07272727272727274,-0.09073409090909088
2019-05-29,0.10185714285714287,0.8193809523809525,0.0787857142857143,-0.06323809523809523,0.07154761904761904,0.8476666666666665,0.08090476190476192,0.022549999999999994
2019-05-28,0.061857142857142854,0.7930357142857142,0.14510714285714285,0.09296071428571429,0.04535714285714287,0.8695714285714284,0.08514285714285712,0.16360357142857143
2019-05-27,0.062172413793103454,0.8512413793103448,0.08658620689655173,0.030379310344827586,0.03675862068965517,0.8647931034482759,0.09841379310344828,0.23466551724137935
2019-05-26,0.09540000000000001,0.7462,0.15860000000000002,0.03538,0.076,0.8756,0.0484,-0.11058000000000001
2019-05-25,0.04133333333333333,0.9586666666666668,0.0,-0.05905,0.03783333333333334,0.9181666666666667,0.043833333333333335,0.014899999999999997
2019-05-24,0.12143333333333332,0.7690333333333335,0.10953333333333333,-0.026163333333333323,0.07983333333333334,0.8593666666666666,0.0607,-0.09202
2019-05-23,0.11188888888888886,0.7900925925925927,0.09805555555555555,-0.03505370370370369,0.06868518518518517,0.8496296296296298,0.08172222222222222,0.020005555555555565
2019-05-22,0.10216666666666668,0.7946851851851852,0.10316666666666664,-0.009657407407407404,0.07383333333333333,0.8531666666666667,0.07305555555555555,0.0005314814814814692
2019-05-21,0.15545283018867925,0.7362075471698114,0.1083584905660377,-0.0957056603773585,0.08475471698113207,0.8357547169811321,0.07947169811320756,-0.007869811320754693
2019-05-20,0.11236585365853659,0.842,0.04560975609756098,-0.117109756097561,0.07778048780487803,0.8710243902439025,0.051219512195121955,-0.1431219512195122
2019-05-19,0.04666666666666667,0.9066666666666666,0.04666666666666667,-0.0661,0.059,0.855,0.08600000000000001,0.11996666666666667
2019-05-18,0.02525,0.8891249999999999,0.085625,0.0855125,0.01825,0.9312499999999999,0.050625,0.13811250000000003
2019-05-17,0.15094444444444444,0.7670925925925925,0.08190740740740741,-0.1199240740740741,0.08857407407407408,0.8400555555555556,0.07137037037037038,-0.09307407407407407
2019-05-16,0.119,0.7923404255319147,0.0886595744680851,-0.056272340425531905,0.0821914893617021,0.8411489361702127,0.07661702127659575,-0.013985106382978719
2019-05-15,0.10191379310344827,0.8178103448275864,0.08029310344827588,-0.05560689655172415,0.06324137931034482,0.8540862068965521,0.0825862068965517,0.06111896551724139
2019-05-14,0.09833928571428573,0.8061071428571429,0.09555357142857143,-0.009044642857142857,0.08301785714285713,0.8265178571428571,0.090375,-0.004151785714285727
2019-05-13,0.1270967741935484,0.7877903225806452,0.08512903225806452,-0.06559838709677418,0.08225806451612902,0.832274193548387,0.08548387096774193,-0.01925645161290323
2019-05-12,0.027,0.9391428571428572,0.033999999999999996,0.021871428571428573,0.07614285714285715,0.8385714285714284,0.08542857142857142,0.026199999999999994
2019-05-11,0.144125,0.734,0.12187499999999998,-0.059774999999999995,0.077625,0.81625,0.10612499999999998,0.11737500000000002
2019-05-10,0.08944736842105265,0.8519342105263156,0.05865789473684211,-0.040898684210526316,0.06305263157894737,0.8677763157894736,0.06919736842105262,0.036032894736842104
2019-05-09,0.04934,0.8250000000000002,0.12566000000000002,0.13200600000000004,0.06358,0.84194,0.09448000000000001,0.14640400000000003
2019-05-08,0.08298148148148149,0.8048703703703702,0.11216666666666668,0.03996851851851853,0.049611111111111106,0.860314814814815,0.09003703703703704,0.1749962962962963
2019-05-07,0.09092727272727273,0.795181818181818,0.11394545454545453,0.030752727272727275,0.07432727272727273,0.8161090909090911,0.10958181818181818,0.13787090909090913
2019-05-06,0.08690909090909091,0.8460909090909091,0.06703030303030302,-0.024921212121212122,0.04821212121212121,0.8846363636363637,0.06715151515151514,0.04727575757575758
2019-05-05,0.16077777777777777,0.8093333333333333,0.030000000000000002,-0.2102333333333333,0.048777777777777774,0.8514444444444444,0.09977777777777778,0.18612222222222222
2019-05-04,0.1315714285714286,0.7759999999999999,0.09257142857142857,-0.03571428571428571,0.08171428571428573,0.8389999999999999,0.07928571428571429,0.006357142857142855
2019-05-03,0.09342307692307693,0.7576538461538461,0.14896153846153848,0.0811730769230769,0.07561538461538463,0.8372692307692309,0.08707692307692307,-0.006588461538461539
2019-05-02,0.11855555555555558,0.8051999999999997,0.07631111111111111,-0.06350000000000001,0.06702222222222223,0.8521777777777777,0.0808,0.06024666666666667
2019-05-01,0.08914893617021276,0.8008936170212767,0.10995744680851065,0.03833404255319149,0.07023404255319149,0.8424893617021277,0.08727659574468086,0.047134042553191494
2019-04-30,0.08625,0.7727656249999999,0.14100000000000001,0.10233125,0.067828125,0.8450156249999999,0.08706249999999999,0.091284375
2019-04-29,0.09945652173913042,0.763413043478261,0.1371086956521739,0.07421739130434785,0.06002173913043479,0.8443260869565216,0.0956304347826087,0.1681217391304348
2019-04-28,0.08366666666666668,0.8649333333333332,0.0514,-0.02244,0.05173333333333333,0.8813999999999997,0.0668,0.08496666666666666
2019-04-27,0.0836,0.8836,0.0328,-0.02044,0.027200000000000002,0.8774000000000001,0.0954,0.35153999999999996
2019-04-26,0.08637037037037035,0.8019629629629631,0.1116666666666667,0.04301666666666667,0.05862962962962962,0.8380740740740743,0.10324074074074073,0.19838888888888892
2019-04-25,0.1062142857142857,0.7986857142857142,0.09511428571428572,-0.02949857142857143,0.06609999999999999,0.8374428571428573,0.0963857142857143,0.1184842857142857
2019-04-24,0.08271153846153846,0.7859230769230771,0.13134615384615386,0.08006538461538461,0.05675000000000001,0.8622884615384616,0.0808653846153846,0.09726730769230768
2019-04-23,0.09141428571428571,0.8011142857142856,0.10745714285714283,0.01910285714285715,0.08411428571428571,0.8274142857142855,0.08847142857142859,-0.0007814285714285704
2019-04-22,0.07111363636363638,0.8487727272727273,0.08006818181818182,0.008695454545454541,0.05552272727272727,0.8800909090909094,0.06429545454545454,0.00045909090909090395
2019-04-21,0.164,0.625,0.211,0.1531,0.115,0.825,0.06,-0.4019
2019-04-20,0.12133333333333333,0.5466666666666665,0.332,0.2095,0.10566666666666667,0.8246666666666668,0.06933333333333333,-0.11056666666666665
2019-04-19,0.0391875,0.9093125000000001,0.0514375,0.01348125,0.060812500000000005,0.853875,0.0853125,0.1029375
2019-04-18,0.05012068965517241,0.8396896551724137,0.11018965517241379,0.07877931034482759,0.04851724137931034,0.856810344827586,0.09470689655172412,0.16707068965517244
2019-04-17,0.07953521126760564,0.7982394366197182,0.12223943661971831,0.08707746478873239,0.07356338028169014,0.8357042253521126,0.0907605633802817,0.07014788732394367
2019-04-16,0.059615384615384626,0.8416346153846154,0.09874999999999999,0.0734153846153846,0.05748076923076923,0.86325,0.07932692307692307,0.10206346153846153
2019-04-15,0.08007272727272727,0.787072727272727,0.13285454545454548,0.08782909090909094,0.05616363636363639,0.8342,0.1096181818181818,0.23063454545454537
2019-04-14,0.11366666666666668,0.781888888888889,0.10444444444444445,-0.055544444444444424,0.08388888888888889,0.8912222222222224,0.02488888888888889,-0.2577666666666667
2019-04-13,0.11645454545454546,0.7905454545454543,0.09300000000000001,-0.06494545454545456,0.04118181818181818,0.9015454545454545,0.057272727272727274,0.03501818181818182
2019-04-12,0.06700000000000002,0.8253870967741936,0.10762903225806453,0.0462258064516129,0.048064516129032266,0.867241935483871,0.08464516129032258,0.13971451612903224
2019-04-11,0.09661666666666664,0.8049000000000001,0.09844999999999998,-0.011445000000000006,0.05931666666666667,0.8763166666666665,0.06439999999999999,0.005055000000000012
2019-04-10,0.10875609756097562,0.7988048780487806,0.0924878048780488,-0.03444146341463415,0.05787804878048781,0.8619024390243905,0.08024390243902439,0.0818
2019-04-09,0.08901818181818183,0.8382181818181816,0.07274545454545456,-0.032596363636363646,0.06856363636363637,0.8663454545454544,0.06509090909090909,-0.009323636363636362
2019-04-08,0.09355102040816325,0.8304693877551022,0.07600000000000003,-0.021912244897959187,0.0616326530612245,0.8657959183673468,0.07253061224489794,0.014240816326530603
2019-04-07,0.04327272727272727,0.8861818181818181,0.07054545454545455,0.04374545454545455,0.04581818181818182,0.9017272727272728,0.05236363636363636,0.02719999999999999
2019-04-06,0.07077777777777777,0.854,0.07533333333333332,0.00992222222222224,0.034777777777777776,0.8855555555555557,0.07977777777777778,0.1751222222222222
2019-04-05,0.10519148936170213,0.776595744680851,0.11823404255319148,0.014721276595744705,0.08638297872340425,0.8337446808510636,0.0798723404255319,-0.020565957446808482
2019-04-04,0.08974999999999998,0.8531166666666665,0.057133333333333355,-0.05948333333333334,0.0755,0.8447999999999998,0.07965,-0.013404999999999993
2019-04-03,0.057625,0.8682499999999999,0.07412500000000001,0.023421875000000005,0.044296875,0.8740156249999999,0.08174999999999999,0.1164359375
2019-04-02,0.07364285714285715,0.8422499999999998,0.08410714285714285,0.014471428571428576,0.059660714285714275,0.8517321428571426,0.08857142857142855,0.08985357142857144
2019-04-01,0.09297619047619048,0.8376428571428571,0.06935714285714285,-0.043707142857142854,0.08076190476190474,0.8369761904761907,0.0822857142857143,0.014909523809523812
2019-03-31,0.06,0.850125,0.08987500000000001,0.007175000000000001,0.080375,0.856875,0.06275,-0.11746250000000001
2019-03-30,0.027833333333333335,0.9318333333333334,0.04033333333333333,0.0652,0.08083333333333333,0.8758333333333334,0.043500000000000004,-0.15206666666666666
2019-03-29,0.05610204081632653,0.8430612244897959,0.10089795918367347,0.05741020408163266,0.06018367346938776,0.8364081632653062,0.10344897959183677,0.15008571428571427
2019-03-28,0.12683333333333333,0.7932037037037036,0.08001851851851852,-0.09152407407407409,0.08020370370370371,0.8401481481481481,0.07968518518518518,-0.020440740740740745
2019-03-27,0.11189999999999997,0.7922399999999997,0.09586000000000001,-0.03138,0.07651999999999999,0.8502,0.07328,-0.04001599999999998
2019-03-26,0.09452459016393444,0.8350983606557376,0.07037704918032787,-0.03939180327868853,0.0638688524590164,0.857327868852459,0.07877049180327869,0.027932786885245902
2019-03-25,0.08926,0.7938000000000001,0.11686000000000002,0.04183800000000001,0.054660000000000014,0.8576600000000001,0.08764000000000001,0.13401599999999997
2019-03-24,0.025833333333333333,0.8828333333333335,0.09133333333333334,0.05783333333333334,0.10816666666666667,0.8123333333333332,0.07966666666666668,-0.17825000000000002
2019-03-23,0.084625,0.8696249999999999,0.04575,-0.08895000000000002,0.092,0.82425,0.08375,-0.07429999999999999
2019-03-22,0.09856363636363638,0.7992727272727272,0.10219999999999999,0.006365454545454543,0.06950909090909091,0.8490181818181817,0.0815090909090909,0.01535818181818184
2019-03-21,0.07415686274509806,0.8072941176470589,0.11852941176470588,0.05829803921568627,0.06474509803921569,0.8670980392156862,0.06811764705882352,-0.031890196078431354
2019-03-20,0.1010983606557377,0.8310163934426228,0.06786885245901639,-0.08374426229508196,0.0686393442622951,0.8491639344262297,0.08213114754098359,0.03552459016393443
2019-03-19,0.13497777777777778,0.7779111111111112,0.08713333333333331,-0.07948444444444447,0.07917777777777778,0.845222222222222,0.07562222222222223,-0.04949333333333333
2019-03-18,0.07923529411764707,0.8605098039215687,0.06025490196078431,-0.046296078431372546,0.05421568627450982,0.8801568627450983,0.06554901960784315,0.03891372549019609
2019-03-17,0.08184210526315788,0.8277368421052632,0.09036842105263157,0.006047368421052624,0.062157894736842106,0.8538421052631578,0.08399999999999999,0.020357894736842113
2019-03-16,0.11833333333333333,0.8221111111111111,0.059444444444444446,-0.11401111111111112,0.03044444444444444,0.9384444444444444,0.030999999999999996,-0.04568888888888888
2019-03-15,0.11551724137931035,0.8022931034482758,0.08218965517241378,-0.06327068965517242,0.05496551724137931,0.8701206896551724,0.07500000000000001,0.08385172413793106
2019-03-14,0.08882758620689653,0.8359540229885055,0.07520689655172415,-0.03338045977011495,0.0796551724137931,0.8545057471264368,0.06585057471264369,-0.065967816091954
2019-03-13,0.09083333333333335,0.8664444444444446,0.04272222222222222,-0.08393611111111111,0.0772638888888889,0.8653611111111112,0.057375,-0.11383472222222218
2019-03-12,0.08332926829268295,0.8580487804878052,0.05860975609756098,-0.04290853658536586,0.07657317073170732,0.8457439024390244,0.07768292682926829,-0.05907439024390243
2019-03-11,0.09939999999999999,0.8261749999999999,0.0744375,-0.05516249999999998,0.07811250000000003,0.8695625000000001,0.052312500000000005,-0.14354375
2019-03-10,0.11535714285714285,0.8191428571428571,0.06549999999999999,-0.09029285714285715,0.08299999999999999,0.862,0.055,-0.11424999999999999
2019-03-09,0.09822222222222222,0.827111111111111,0.07466666666666666,-0.03303333333333334,0.025333333333333333,0.8764444444444445,0.09833333333333333,0.2884
2019-03-08,0.12967307692307692,0.7551538461538457,0.11517307692307692,-0.05241923076923077,0.07046153846153846,0.8472115384615383,0.08226923076923076,0.06522115384615385
2019-03-07,0.08323809523809522,0.7964523809523809,0.12030952380952382,0.0419595238095238,0.051452380952380944,0.856142857142857,0.09247619047619048,0.19369523809523811
2019-03-06,0.10312244897959186,0.8152857142857144,0.08161224489795918,-0.03771632653061224,0.06069387755102041,0.8818775510204083,0.057408163265306116,-0.0215
2019-03-05,0.08863793103448278,0.8276896551724138,0.0836896551724138,-0.011662068965517244,0.07275862068965516,0.8456379310344825,0.08160344827586208,0.04821206896551723
2019-03-04,0.09115151515151516,0.823909090909091,0.08493939393939393,-0.021372727272727283,0.0640909090909091,0.8513030303030303,0.08463636363636365,0.10374848484848485
2019-03-03,0.03764285714285714,0.9137142857142857,0.04864285714285715,-0.018257142857142854,0.05785714285714285,0.8915714285714286,0.05064285714285715,-0.04471428571428572
2019-03-02,0.08116666666666666,0.8376666666666667,0.08116666666666666,0.006000000000000005,0.042833333333333334,0.8813333333333335,0.07566666666666667,0.11931666666666664
2019-03-01,0.07254716981132076,0.8329245283018867,0.09456603773584907,0.010869811320754715,0.0691320754716981,0.8483396226415096,0.08249056603773586,0.06040188679245284
2019-02-28,0.10196551724137932,0.8150344827586206,0.08301724137931034,-0.038079310344827595,0.07196551724137931,0.8381551724137929,0.08987931034482759,0.05432586206896553
2019-02-27,0.05994736842105263,0.8185087719298243,0.12154385964912277,0.08066315789473683,0.04815789473684211,0.8549473684210529,0.09691228070175441,0.1817596491228071
2019-02-26,0.10906060606060605,0.7808333333333335,0.1101212121212121,-0.0054151515151515135,0.07924242424242424,0.846378787878788,0.07440909090909092,-0.020249999999999994
2019-02-25,0.11567307692307692,0.8145769230769229,0.06976923076923078,-0.06536730769230771,0.06475,0.8712115384615385,0.06415384615384614,-0.03302500000000002
2019-02-24,0.07530769230769231,0.8080769230769231,0.11653846153846155,0.0579076923076923,0.03446153846153846,0.8625384615384616,0.10307692307692308,0.31293076923076923
2019-02-23,0.072375,0.85275,0.074875,-0.002162499999999991,0.072125,0.8260000000000001,0.101875,0.11121249999999999
2019-02-22,0.08827777777777779,0.8407962962962963,0.0709259259259259,-0.02195555555555555,0.055185185185185184,0.8737407407407409,0.07111111111111114,0.07298888888888888
2019-02-21,0.09163934426229509,0.8424918032786886,0.06585245901639344,-0.055275409836065555,0.06432786885245902,0.8610983606557379,0.07457377049180323,0.0428688524590164
2019-02-20,0.08450980392156862,0.8342352941176469,0.08123529411764706,-0.021525490196078433,0.06307843137254902,0.8495490196078432,0.08735294117647059,0.08333921568627452
2019-02-19,0.07303389830508474,0.8609152542372881,0.06608474576271188,-0.013159322033898316,0.06389830508474577,0.8603050847457626,0.07583050847457627,0.05421186440677967
2019-02-18,0.054235294117647055,0.9011176470588236,0.044647058823529415,0.0009235294117647087,0.052,0.8867647058823531,0.061235294117647054,0.06319411764705882
2019-02-17,0.06414285714285714,0.9001428571428571,0.03571428571428571,-0.0044142857142857195,0.06685714285714285,0.8717142857142858,0.06142857142857144,-0.04452857142857143
2019-02-16,0.03,0.8915000000000001,0.0785,0.05353333333333333,0.04416666666666667,0.8951666666666668,0.06066666666666667,0.09598333333333332
2019-02-15,0.06078181818181818,0.8303090909090911,0.10892727272727272,0.06896363636363637,0.05570909090909091,0.8558363636363637,0.08845454545454545,0.0955890909090909
2019-02-14,0.0735151515151515,0.842969696969697,0.08351515151515154,-0.001837878787878783,0.059969696969696965,0.8706212121212122,0.0693030303030303,0.011428787878787875
2019-02-13,0.0726086956521739,0.8104057971014493,0.11698550724637682,0.078,0.05634782608695653,0.8574202898550723,0.086231884057971,0.1093695652173913
2019-02-12,0.07248214285714286,0.8021785714285719,0.1252857142857143,0.07255535714285714,0.05158928571428572,0.8644821428571428,0.08396428571428573,0.10734642857142855
2019-02-11,0.05678787878787879,0.864848484848485,0.07836363636363636,0.041687878787878795,0.04615151515151516,0.8853636363636364,0.0684848484848485,0.06276060606060606
2019-02-10,0.13244444444444445,0.798,0.06955555555555555,-0.07908888888888889,0.056111111111111125,0.8852222222222222,0.058555555555555555,0.031211111111111103
2019-02-09,0.0656,0.8286000000000001,0.1058,-0.009979999999999989,0.039,0.882,0.079,0.04676000000000001
2019-02-08,0.09281578947368421,0.8505263157894735,0.05665789473684211,-0.06911842105263158,0.05321052631578948,0.8549736842105264,0.09181578947368423,0.12686578947368418
2019-02-07,0.1013409090909091,0.8113636363636361,0.0873409090909091,-0.02527272727272728,0.05920454545454546,0.8681363636363635,0.07270454545454547,0.02420681818181818
2019-02-06,0.10934042553191492,0.7277872340425531,0.16280851063829785,0.08607021276595744,0.0654468085106383,0.8300425531914896,0.10448936170212766,0.18206808510638295
2019-02-05,0.09722916666666666,0.7899791666666668,0.11279166666666668,0.017781250000000002,0.059041666666666666,0.8786458333333335,0.06233333333333333,0.027797916666666672
2019-02-04,0.07360416666666666,0.8190208333333334,0.10735416666666668,0.0438375,0.04904166666666667,0.8620416666666665,0.08889583333333334,0.1657729166666667
2019-02-03,0.0,0.9199999999999999,0.08,0.11315,0.0575,0.8465,0.096,0.061850000000000016
2019-02-02,0.14500000000000002,0.8206666666666665,0.034333333333333334,-0.26913333333333334,0.06533333333333334,0.911,0.023666666666666666,-0.12923333333333334
2019-02-01,0.08139534883720931,0.8001162790697675,0.11848837209302326,0.045765116279069776,0.03409302325581395,0.8672093023255814,0.09869767441860462,0.25067906976744186
2019-01-31,0.06563888888888887,0.8217222222222221,0.11263888888888889,0.07245555555555555,0.06487500000000002,0.8451388888888887,0.08995833333333333,0.08800833333333333
2019-01-30,0.06182692307692307,0.8387884615384615,0.09938461538461538,0.050188461538461536,0.06182692307692309,0.8519423076923077,0.08623076923076924,0.1022076923076923
2019-01-29,0.09805882352941177,0.7908431372549021,0.11113725490196082,0.02396470588235294,0.07345098039215688,0.8372156862745095,0.08927450980392157,0.05529803921568626
2019-01-28,0.1090909090909091,0.8149545454545456,0.07598484848484847,-0.05844090909090909,0.07557575757575757,0.8539696969696973,0.07048484848484847,-0.06608939393939392
2019-01-27,0.1325714285714286,0.8217142857142858,0.04542857142857143,-0.13782857142857144,0.09471428571428571,0.8457142857142858,0.05971428571428572,-0.13678571428571432
2019-01-26,0.1465,0.8534999999999999,0.0,-0.2202,0.063,0.9119999999999999,0.025,-0.2553
2019-01-25,0.0631372549019608,0.8404313725490195,0.09643137254901961,0.048739215686274526,0.06225490196078433,0.8655882352941175,0.07205882352941176,0.04103529411764706
2019-01-24,0.08081967213114755,0.8239344262295083,0.09522950819672131,0.028798360655737702,0.0616065573770492,0.8605245901639346,0.0778360655737705,0.06324590163934422
2019-01-23,0.12125,0.8149999999999996,0.06375,-0.1017409090909091,0.07627272727272726,0.8597272727272727,0.06402272727272729,-0.07128863636363637
2019-01-22,0.080015625,0.8240312499999999,0.095984375,0.015565625,0.060390624999999996,0.8574687500000004,0.08215624999999999,0.0885734375
2019-01-21,0.09169230769230771,0.845128205128205,0.06312820512820512,-0.04271538461538461,0.06551282051282051,0.8637692307692307,0.07069230769230768,0.024564102564102536
2019-01-20,0.06268181818181819,0.8724545454545454,0.06486363636363636,0.003363636363636367,0.06522727272727273,0.8411818181818181,0.09363636363636364,0.08527727272727272
2019-01-19,0.073375,0.874875,0.051750000000000004,-0.008387500000000006,0.049625,0.889125,0.06125,0.035199999999999995
2019-01-18,0.10099999999999998,0.7819374999999998,0.11708333333333332,0.016279166666666674,0.063,0.8418958333333334,0.09502083333333335,0.13278749999999997
2019-01-17,0.06477551020408163,0.8088571428571428,0.1263877551020408,0.10109591836734692,0.05459183673469388,0.8571428571428571,0.08820408163265306,0.12508367346938773
2019-01-16,0.11750980392156864,0.778372549019608,0.10409803921568626,-0.02501176470588236,0.07172549019607843,0.8478431372549019,0.08035294117647057,0.04486862745098039
2019-01-15,0.09394339622641511,0.7603584905660374,0.1456603773584906,0.08414150943396227,0.06341509433962264,0.8537735849056604,0.0828301886792453,0.07565283018867926
2019-01-14,0.0883658536585366,0.8329756097560976,0.07865853658536584,-0.029685365853658528,0.06373170731707314,0.85009756097561,0.08621951219512196,0.08223414634146341
2019-01-13,0.07266666666666666,0.8739333333333333,0.053399999999999996,-0.014600000000000002,0.0482,0.8996000000000001,0.052133333333333344,-0.0031333333333333326
2019-01-12,0.06533333333333334,0.7958333333333334,0.13883333333333334,0.1181,0.019666666666666666,0.8571666666666666,0.12333333333333334,0.3902666666666667
2019-01-11,0.09697872340425534,0.8031276595744682,0.09985106382978723,0.0027170212765957476,0.06774468085106383,0.8531702127659574,0.07914893617021279,0.022123404255319182
2019-01-10,0.08410000000000001,0.7970333333333334,0.11886666666666668,0.046471666666666675,0.06611666666666666,0.8514833333333335,0.08238333333333332,0.03846000000000001
2019-01-09,0.10027659574468085,0.8293617021276597,0.0703404255319149,-0.06460425531914894,0.05774468085106383,0.8475744680851064,0.09465957446808511,0.14718723404255318
2019-01-08,0.07025581395348839,0.8213720930232555,0.10834883720930231,0.0986767441860465,0.08037209302325579,0.8271860465116277,0.09241860465116278,0.03994883720930232
2019-01-07,0.05972222222222222,0.8513333333333333,0.08888888888888889,0.029055555555555557,0.04758333333333333,0.8516388888888886,0.10074999999999996,0.1985
2019-01-06,0.054142857142857145,0.8682857142857143,0.07757142857142856,0.05468571428571429,0.06914285714285714,0.8801428571428571,0.050857142857142865,-0.028571428571428557
2019-01-05,0.08866666666666667,0.8693333333333334,0.042,-0.12106666666666667,0.053,0.911,0.036,-0.14756666666666668
2019-01-04,0.11362162162162164,0.8040810810810812,0.08229729729729729,-0.061210810810810826,0.08643243243243244,0.8532702702702704,0.06024324324324325,-0.10074594594594599
2019-01-03,0.16718181818181818,0.7701515151515151,0.06266666666666666,-0.17494545454545454,0.0946060606060606,0.8323939393939392,0.07300000000000001,-0.07355151515151515
2019-01-02,0.10904166666666666,0.7804166666666666,0.11054166666666665,0.014404166666666668,0.086125,0.8000416666666667,0.11383333333333334,0.015224999999999983
2019-01-01,0.12075,0.7505,0.12875,0.02149999999999999,0.0735,0.855,0.07150000000000001,-0.08052499999999999
2018-12-31,0.08226666666666668,0.8356,0.08206666666666668,-0.012879999999999996,0.07933333333333333,0.8413333333333335,0.07919999999999999,-0.006973333333333328
2018-12-30,0.0766,0.6376000000000001,0.28579999999999994,0.22462,0.0516,0.8335999999999999,0.11499999999999999,0.25481999999999994
2018-12-29,0.174,0.826,0.0,-0.2732,0.0,0.87,0.13,0.4404
2018-12-28,0.06263636363636363,0.8670454545454546,0.07031818181818182,0.03843181818181818,0.10563636363636363,0.8458181818181818,0.04859090909090908,-0.24939999999999998
2018-12-27,0.06130769230769232,0.8471153846153846,0.09161538461538463,0.031180769230769238,0.06957692307692309,0.849346153846154,0.08103846153846153,0.030330769230769238
2018-12-26,0.11730434782608698,0.7674347826086957,0.11530434782608696,-0.010356521739130443,0.08391304347826087,0.8114347826086955,0.10465217391304348,0.08380434782608696
2018-12-25,0.082,0.8131666666666666,0.10483333333333333,-1.666666666666483e-05,0.07233333333333333,0.8643333333333333,0.06333333333333334,-0.057383333333333314
2018-12-24,0.14126315789473684,0.7902105263157895,0.06847368421052633,-0.12897368421052632,0.05210526315789474,0.8772105263157896,0.07057894736842105,-0.026878947368421068
2018-12-23,0.17099999999999999,0.7479999999999999,0.08088888888888889,-0.09363333333333333,0.036444444444444446,0.9126666666666667,0.05088888888888889,0.10409999999999998
2018-12-22,0.10166666666666667,0.7623333333333332,0.136,0.08752222222222221,0.033888888888888885,0.8934444444444445,0.07266666666666667,0.18151111111111112
2018-12-21,0.08774468085106382,0.805787234042553,0.10646808510638299,0.020365957446808518,0.07244680851063828,0.8604255319148937,0.0671063829787234,-0.028078723404255317
2018-12-20,0.0560952380952381,0.8562539682539683,0.0876825396825397,0.031184126984126988,0.06474603174603176,0.8715396825396825,0.06371428571428572,0.006258730158730178
2018-12-19,0.08545161290322581,0.836532258064516,0.07803225806451612,-0.004659677419354835,0.05330645161290321,0.8708870967741935,0.07579032258064515,0.11785967741935485
2018-12-18,0.11027272727272729,0.8413030303030303,0.04842424242424242,-0.08665151515151516,0.08057575757575756,0.853242424242424,0.06612121212121212,-0.07533333333333332
2018-12-17,0.10845238095238097,0.7887619047619049,0.10283333333333333,-0.02299761904761905,0.07226190476190476,0.8473809523809525,0.08033333333333334,0.013635714285714282
2018-12-16,0.0639375,0.8588125,0.0773125,0.0291125,0.038375000000000006,0.865375,0.09631250000000001,0.15395624999999996
2018-12-15,0.07025,0.87125,0.058499999999999996,-0.11140000000000001,0.08349999999999999,0.8295,0.087,-0.033
2018-12-14,0.05086274509803921,0.8553137254901961,0.0938235294117647,0.06128039215686275,0.05494117647058823,0.8741568627450981,0.07080392156862746,0.044852941176470575
2018-12-13,0.08992727272727272,0.8508545454545453,0.059218181818181816,-0.05875272727272727,0.06185454545454545,0.8489272727272731,0.08910909090909089,0.06931818181818182
2018-12-12,0.07338461538461538,0.8128974358974358,0.11371794871794871,0.06492307692307693,0.049512820512820514,0.8571025641025641,0.09338461538461539,0.17907179487179486
2018-12-11,0.11964864864864863,0.8315945945945945,0.04875675675675677,-0.1295054054054054,0.07629729729729728,0.8631351351351353,0.060459459459459436,-0.0793054054054054
2018-12-10,0.10007142857142858,0.8324999999999999,0.06746428571428571,-0.05556785714285715,0.04675,0.8870714285714285,0.06621428571428571,0.07848571428571428
2018-12-09,0.09828571428571428,0.8377142857142857,0.064,-0.05491428571428571,0.11842857142857144,0.8532857142857143,0.028285714285714286,-0.37554285714285707
2018-12-08,0.13799999999999998,0.813125,0.049,-0.174275,0.050249999999999996,0.8856249999999999,0.064375,0.07825000000000001
2018-12-07,0.11750877192982455,0.8162456140350877,0.06622807017543858,-0.10000877192982457,0.06192982456140351,0.8689649122807017,0.06912280701754385,-0.013212280701754387
2018-12-06,0.12415068493150688,0.7784246575342466,0.09736986301369865,-0.05212739726027397,0.0845068493150685,0.8325342465753424,0.08287671232876712,-0.034842465753424666
2018-12-05,0.07578947368421053,0.815035087719298,0.10919298245614036,0.03526315789473684,0.05963157894736843,0.8680877192982455,0.07233333333333333,0.0617701754385965
2018-12-04,0.08608333333333333,0.82805,0.0859,-0.005106666666666666,0.07101666666666667,0.8556000000000002,0.07343333333333332,-0.009995
2018-12-03,0.043509090909090914,0.8752727272727272,0.08121818181818181,0.05659636363636365,0.05272727272727275,0.8614545454545454,0.08581818181818181,0.09048181818181819
2018-12-02,0.08854545454545454,0.827,0.08436363636363636,-0.06303636363636363,0.07145454545454545,0.8134545454545455,0.11509090909090908,0.17027272727272724
2018-12-01,0.062000000000000006,0.8699999999999999,0.068,0.011131578947368437,0.03494736842105264,0.9385263157894735,0.026473684210526316,-0.02922105263157895
2018-11-30,0.10655737704918035,0.8086721311475411,0.0848032786885246,-0.024196721311475412,0.05518032786885245,0.8815901639344264,0.0631639344262295,0.03768852459016392
2018-11-29,0.07073214285714285,0.8721785714285716,0.05708928571428571,-0.03175892857142857,0.048589285714285724,0.8833750000000002,0.06798214285714288,0.06319107142857146
2018-11-28,0.11377272727272728,0.8032500000000001,0.08297727272727273,-0.05025681818181818,0.05529545454545455,0.8814090909090908,0.06331818181818182,0.05550681818181819
2018-11-27,0.07545098039215686,0.8182549019607843,0.10631372549019606,0.03639411764705882,0.07513725490196078,0.8672156862745098,0.057705882352941176,-0.10469999999999997
2018-11-26,0.08183333333333334,0.8505277777777778,0.06763888888888889,-0.019244444444444453,0.046805555555555545,0.8890277777777779,0.06408333333333333,0.04070833333333332
2018-11-25,0.09216666666666667,0.8684166666666667,0.03941666666666666,-0.10089166666666666,0.08708333333333335,0.8654166666666668,0.04750000000000001,-0.16705000000000003
2018-11-24,0.08166666666666667,0.8248333333333333,0.09349999999999999,0.0028500000000000005,0.04466666666666666,0.8066666666666666,0.1486666666666667,0.32413333333333333
2018-11-23,0.06252777777777778,0.8530833333333333,0.08441666666666665,0.024711111111111128,0.07436111111111113,0.8573055555555557,0.06844444444444445,-0.020186111111111113
2018-11-22,0.11936,0.82152,0.059120000000000006,-0.12500400000000003,0.09899999999999999,0.8547199999999999,0.046400000000000004,-0.22434399999999996
2018-11-21,0.12213157894736842,0.8197368421052633,0.05818421052631578,-0.10894473684210523,0.07739473684210525,0.8682894736842106,0.05423684210526316,-0.10191842105263159
2018-11-20,0.09024074074074075,0.7772777777777778,0.13250000000000003,0.05375370370370372,0.06855555555555558,0.8492037037037038,0.08222222222222221,0.018566666666666672
2018-11-19,0.1066,0.8027000000000001,0.09067500000000002,-0.04878750000000001,0.08327500000000002,0.8468500000000001,0.06985,-0.035840000000000025
2018-11-18,0.09816666666666667,0.827,0.07466666666666667,-0.0742,0.04650000000000001,0.899,0.05433333333333334,0.016283333333333327
2018-11-17,0.0,0.784,0.216,0.35075,0.01925,0.86825,0.1125,0.410925
2018-11-16,0.04341176470588235,0.8606764705882352,0.09594117647058824,0.08141176470588236,0.04179411764705882,0.8672058823529412,0.09097058823529414,0.2171735294117647
2018-11-15,0.12109615384615381,0.7979423076923076,0.08096153846153846,-0.05780576923076922,0.07290384615384615,0.8398076923076925,0.08723076923076922,0.07025384615384614
2018-11-14,0.09861111111111111,0.8172962962962963,0.0840925925925926,-0.04057962962962963,0.04875925925925926,0.8492407407407407,0.10201851851851851,0.21035370370370363
2018-11-13,0.11504255319148934,0.8173191489361701,0.06759574468085107,-0.07551276595744683,0.06748936170212766,0.8495106382978723,0.08295744680851065,0.08488297872340426
2018-11-12,0.06872413793103448,0.8391724137931034,0.09213793103448277,0.05258965517241379,0.050275862068965525,0.8562068965517242,0.09348275862068967,0.13942068965517238
2018-11-11,0.06899999999999999,0.8775714285714287,0.05342857142857143,-0.03497142857142857,0.08171428571428571,0.8022857142857143,0.11599999999999999,0.15667142857142857
2018-11-10,0.15166666666666667,0.8483333333333333,0.0,-0.23916666666666667,0.021,0.915,0.064,0.11026666666666667
2018-11-09,0.09321621621621622,0.8185405405405406,0.08824324324324323,-0.024545945945945936,0.06808108108108107,0.861648648648649,0.07027027027027027,-0.007505405405405401
2018-11-08,0.07925,0.7829166666666668,0.13783333333333334,0.07772083333333335,0.05585416666666665,0.8459999999999998,0.09816666666666664,0.15268958333333332
2018-11-07,0.06189583333333334,0.8382708333333335,0.09985416666666665,0.06938333333333334,0.05254166666666668,0.8629166666666669,0.08458333333333333,0.10565000000000001
2018-11-06,0.06776744186046511,0.820860465116279,0.11134883720930232,0.06136046511627907,0.062255813953488386,0.8554651162790697,0.0822093023255814,0.048213953488372104
2018-11-05,0.0531764705882353,0.853220588235294,0.09360294117647061,0.061983823529411765,0.055279411764705876,0.8457647058823529,0.09894117647058823,0.18066764705882354
2018-11-04,0.0328,0.9052,0.062,0.040069999999999995,0.0489,0.8708,0.08020000000000001,0.17221999999999998
2018-11-03,0.0,0.93375,0.06625,0.050575,0.09675,0.84225,0.061,-0.243375
2018-11-02,0.10933333333333334,0.8001282051282051,0.09056410256410256,-0.0391820512820513,0.09389743589743589,0.8276666666666664,0.07843589743589743,-0.07713076923076921
2018-11-01,0.05236170212765958,0.8505106382978724,0.09712765957446809,0.05621914893617021,0.04627659574468085,0.8541489361702127,0.0995744680851064,0.22967659574468086
2018-10-31,0.09133333333333334,0.8049333333333334,0.10373333333333333,0.011726666666666661,0.07466666666666667,0.8399,0.08543333333333332,0.059566666666666664
2018-10-30,0.09609523809523811,0.7470714285714287,0.1569285714285714,0.060261904761904767,0.05383333333333334,0.8312142857142858,0.11485714285714288,0.19918095238095232
2018-10-29,0.0611923076923077,0.8732307692307694,0.06557692307692307,-0.008084615384615386,0.05665384615384616,0.8671538461538462,0.07623076923076923,0.043253846153846164
2018-10-28,0.0,1.0,0.0,0.0,0.024399999999999998,0.8834,0.092,0.28596000000000005
2018-10-27,0.0,0.874,0.126,0.20095,0.0525,0.8835,0.064,-0.024999999999999967
2018-10-26,0.08605405405405406,0.8203243243243244,0.09364864864864864,0.002543243243243242,0.06072972972972974,0.8484864864864863,0.09075675675675673,0.1267162162162162
2018-10-25,0.08890476190476192,0.737777777777778,0.17333333333333334,0.12956984126984125,0.05334920634920634,0.8367142857142855,0.10993650793650799,0.21838253968253973
2018-10-24,0.09718181818181817,0.7720909090909092,0.13076363636363636,0.030730909090909097,0.07369090909090908,0.8427636363636362,0.08356363636363633,0.005829090909090913
2018-10-23,0.08828888888888889,0.7564,0.15528888888888895,0.0824777777777778,0.058844444444444456,0.8403555555555557,0.10084444444444444,0.18162666666666666
2018-10-22,0.07655882352941178,0.8349705882352941,0.08847058823529412,0.030202941176470592,0.05641176470588235,0.8861176470588237,0.057441176470588225,0.0014382352941176356
2018-10-21,0.10022222222222223,0.8211111111111111,0.07866666666666666,-0.009222222222222224,0.08177777777777777,0.8508888888888888,0.06722222222222224,-0.1094
2018-10-20,0.03766666666666667,0.9096666666666667,0.05266666666666667,0.008433333333333334,0.015666666666666666,0.8843333333333333,0.09966666666666667,0.27863333333333334
2018-10-19,0.09574418604651162,0.8002093023255812,0.10406976744186047,0.008653488372093017,0.07327906976744186,0.8426511627906977,0.08411627906976743,0.02593488372093022
2018-10-18,0.08338181818181818,0.8060363636363634,0.1106181818181818,0.023961818181818178,0.06689090909090913,0.8628909090909093,0.07016363636363636,0.029854545454545453
2018-10-17,0.09970370370370371,0.8041666666666667,0.09612962962962965,-0.012259259259259261,0.06064814814814813,0.8691666666666665,0.07022222222222223,0.01404444444444445
2018-10-16,0.07935416666666667,0.7806249999999998,0.1400416666666667,0.08902916666666667,0.04310416666666667,0.8603541666666669,0.09649999999999999,0.17759166666666668
2018-10-15,0.0736842105263158,0.8013947368421054,0.12494736842105261,0.07734210526315789,0.05378947368421054,0.8595789473684209,0.08668421052631578,0.1792684210526316
2018-10-14,0.0,0.9297142857142857,0.07028571428571428,0.07805714285714285,0.03271428571428571,0.9124285714285713,0.05471428571428572,0.07904285714285712
2018-10-13,0.12466666666666668,0.7827777777777778,0.09255555555555556,-0.051455555555555546,0.05533333333333333,0.8291111111111111,0.11588888888888887,0.29461111111111116
2018-10-12,0.09743478260869567,0.7928913043478262,0.1097391304347826,0.009317391304347824,0.0673695652173913,0.845413043478261,0.08719565217391305,0.04020217391304349
2018-10-11,0.05482000000000001,0.8141399999999999,0.13102,0.11733799999999997,0.07266,0.8356999999999999,0.09166,0.080994
2018-10-10,0.08751219512195123,0.79309756097561,0.1193658536585366,0.04913414634146342,0.07665853658536587,0.8530731707317073,0.07029268292682928,-0.01999512195121952
2018-10-09,0.06742105263157894,0.8325789473684209,0.10000000000000002,0.04692105263157896,0.052236842105263165,0.8551842105263158,0.09247368421052633,0.16043421052631585
2018-10-08,0.08103333333333333,0.8022333333333334,0.11673333333333333,0.05452000000000001,0.06273333333333334,0.8506333333333335,0.08660000000000001,0.06200666666666665
2018-10-07,0.05928571428571428,0.743857142857143,0.19685714285714287,0.24222857142857143,0.015142857142857144,0.867,0.11785714285714284,0.3916857142857143
2018-10-06,0.0,0.832,0.168,0.2679333333333333,0.05266666666666667,0.8226666666666667,0.125,0.34463333333333335
2018-10-05,0.10192105263157894,0.799684210526316,0.09847368421052631,-0.019855263157894737,0.07439473684210526,0.8403947368421052,0.08521052631578947,0.017702631578947373
2018-10-04,0.1087878787878788,0.765818181818182,0.12539393939393942,0.032145454545454547,0.07484848484848486,0.8325151515151515,0.09254545454545453,0.08291515151515153
2018-10-03,0.05848571428571428,0.8572285714285715,0.0842857142857143,0.04205142857142858,0.04402857142857143,0.8564857142857143,0.09951428571428571,0.22092
2018-10-02,0.054641509433962274,0.8428490566037736,0.10250943396226415,0.0637056603773585,0.05073584905660376,0.8534905660377359,0.09573584905660375,0.1789981132075472
2018-10-01,0.056232142857142856,0.851732142857143,0.09201785714285714,0.06785714285714285,0.045964285714285735,0.8466785714285712,0.107375,0.23041964285714292
2018-09-30,0.0,0.9070909090909091,0.09290909090909093,0.11473636363636364,0.010181818181818183,0.8362727272727274,0.15354545454545454,0.4867545454545455
2018-09-29,0.11560000000000001,0.7310000000000001,0.1534,0.11581999999999999,0.047799999999999995,0.8474,0.1048,0.20176
2018-09-28,0.10562,0.8046,0.08978000000000001,-0.026328000000000004,0.06744,0.8505199999999999,0.08204,0.01666199999999999
2018-09-27,0.0981875,0.8037812500000001,0.09803124999999999,-0.010756250000000005,0.053687500000000006,0.8444687499999999,0.10184375,0.1893
2018-09-26,0.05783673469387755,0.8663265306122446,0.07583673469387754,0.029965306122448982,0.039285714285714285,0.8626530612244897,0.0980204081632653,0.25035510204081635
2018-09-25,0.07531578947368421,0.7975526315789474,0.12715789473684214,0.06271315789473685,0.06468421052631579,0.8284999999999999,0.1068421052631579,0.18273421052631578
2018-09-24,0.046766666666666665,0.8995666666666667,0.05363333333333333,0.023213333333333332,0.05236666666666666,0.8678000000000003,0.07983333333333334,0.16438333333333333
2018-09-23,0.04642857142857143,0.8865,0.06714285714285714,0.043671428571428576,0.0832857142857143,0.8530714285714287,0.06357142857142857,-0.07944285714285716
2018-09-22,0.17800000000000002,0.7285999999999999,0.0934,-0.12819999999999998,0.0354,0.8671999999999999,0.0974,0.19490000000000002
2018-09-21,0.09276923076923077,0.8258461538461539,0.08134615384615383,-0.02509615384615386,0.06342307692307692,0.8584615384615386,0.07815384615384616,0.05791153846153847
2018-09-20,0.09374999999999999,0.8448409090909093,0.06143181818181819,-0.04297045454545454,0.06163636363636365,0.8739772727272727,0.06443181818181819,-0.01573863636363636
2018-09-19,0.07402702702702703,0.8627567567567568,0.06321621621621622,-0.030208108108108107,0.06067567567567567,0.8761351351351352,0.06316216216216217,-0.03660810810810811
2018-09-18,0.10609302325581396,0.8125813953488371,0.08132558139534884,-0.057944186046511637,0.07497674418604652,0.8298139534883723,0.09516279069767442,0.103446511627907
2018-09-17,0.08425000000000002,0.8416500000000001,0.0741,-0.0239025,0.04085,0.870425,0.0887,0.19253500000000004
2018-09-16,0.10992307692307693,0.8212307692307692,0.06884615384615386,-0.057023076923076926,0.059076923076923075,0.9056153846153847,0.035307692307692304,-0.10084615384615384
2018-09-15,0.048999999999999995,0.7813333333333333,0.16966666666666666,0.2321,0.04033333333333333,0.8636666666666667,0.09633333333333334,0.3349
2018-09-14,0.034159999999999996,0.8756400000000001,0.0902,0.10106200000000001,0.05446000000000001,0.8519800000000002,0.09364,0.17080399999999998
2018-09-13,0.08320370370370371,0.8220740740740738,0.09472222222222222,0.017546296296296296,0.06259259259259259,0.8546111111111111,0.08272222222222224,0.07562592592592594
2018-09-12,0.08004081632653061,0.8380204081632652,0.08191836734693878,0.0047918367346938785,0.04326530612244897,0.8859591836734695,0.07077551020408164,0.10733061224489795
2018-09-11,0.0754186046511628,0.8198604651162786,0.10472093023255812,0.020220930232558134,0.06567441860465116,0.8524186046511624,0.08195348837209303,0.021318604651162795
2018-09-10,0.0730909090909091,0.8492424242424245,0.07766666666666668,0.005987878787878789,0.07624242424242424,0.8550909090909091,0.0686060606060606,-0.02180909090909091
2018-09-09,0.069,0.8714166666666667,0.05958333333333333,-0.02856666666666666,0.05591666666666666,0.8874166666666666,0.05658333333333332,-0.022258333333333335
2018-09-08,0.12416666666666669,0.8403333333333335,0.0355,-0.19908333333333336,0.06083333333333333,0.8483333333333333,0.09100000000000001,0.1878
2018-09-07,0.091275,0.7880750000000001,0.12065000000000001,0.06485,0.06315000000000001,0.8318499999999999,0.10495000000000002,0.143955
2018-09-06,0.11848648648648648,0.8037837837837837,0.07770270270270271,-0.04731351351351351,0.06889189189189192,0.8443513513513514,0.0867027027027027,0.05310810810810809
2018-09-05,0.07729411764705883,0.8543137254901961,0.0683921568627451,-0.010305882352941182,0.0601372549019608,0.855392156862745,0.08441176470588235,0.032994117647058833
2018-09-04,0.07420000000000002,0.85835,0.06745,-0.015557499999999998,0.06235,0.8704249999999998,0.0672,-0.005395000000000002
2018-09-03,0.11975000000000001,0.8140833333333334,0.06616666666666667,-0.08780833333333332,0.12441666666666666,0.8155833333333334,0.06008333333333332,-0.2963666666666667
2018-09-02,0.09190909090909093,0.8170909090909092,0.09099999999999998,-0.03459090909090911,0.02890909090909091,0.8970909090909089,0.07390909090909091,0.12299999999999996
2018-09-01,0.1085,0.8131666666666667,0.07816666666666666,-0.05210000000000001,0.035333333333333335,0.8664999999999999,0.09816666666666668,0.2695
2018-08-31,0.11289361702127658,0.7894042553191487,0.09763829787234042,-0.04235744680851062,0.05385106382978724,0.8163829787234044,0.1297872340425532,0.27007659574468085
2018-08-30,0.10130555555555555,0.8069999999999999,0.09166666666666667,-0.014574999999999996,0.06091666666666667,0.8462222222222221,0.09283333333333336,0.10888888888888887
2018-08-29,0.0975625,0.838875,0.0635625,-0.048275,0.05478124999999999,0.8410625000000002,0.10415624999999999,0.175490625
2018-08-28,0.06574193548387097,0.8293548387096774,0.10487096774193547,0.0508967741935484,0.05341935483870969,0.8173548387096775,0.12922580645161294,0.3134096774193548
2018-08-27,0.0945,0.837952380952381,0.06754761904761905,-0.030766666666666668,0.0650952380952381,0.7909523809523811,0.14395238095238097,0.26784285714285716
2018-08-26,0.04314285714285714,0.9308571428571428,0.026,-0.049914285714285724,0.04428571428571428,0.8134285714285715,0.1422857142857143,0.4101571428571429
2018-08-25,0.11966666666666666,0.7493333333333333,0.13116666666666665,-0.04624999999999999,0.1225,0.7601666666666667,0.11733333333333335,-0.05816666666666668
2018-08-24,0.1091111111111111,0.7899722222222221,0.10088888888888889,-0.009508333333333332,0.06575,0.8613333333333333,0.07300000000000001,0.014474999999999981
2018-08-23,0.11281818181818183,0.8114545454545457,0.07568181818181818,-0.07261136363636364,0.07838636363636366,0.8462045454545454,0.0754090909090909,-0.01574318181818183
2018-08-22,0.0938125,0.7949375000000001,0.11124999999999999,0.03296562500000001,0.05881250000000001,0.871125,0.07006250000000001,0.007118749999999993
2018-08-21,0.0666923076923077,0.8466153846153847,0.08665384615384616,0.04200769230769231,0.07492307692307693,0.8471153846153843,0.07792307692307691,0.07729615384615385
2018-08-20,0.07678125,0.82034375,0.10284375,0.029859375,0.0525625,0.8830937499999999,0.06434375,0.044562499999999984
2018-08-19,0.03575,0.7979999999999999,0.16625,0.22625,0.01275,0.8680000000000001,0.1195,0.490425
2018-08-18,0.119,0.7999999999999999,0.081,-0.055733333333333336,0.1376666666666667,0.8166666666666668,0.04566666666666667,-0.29449999999999993
2018-08-17,0.11899999999999998,0.7945263157894736,0.08644736842105263,-0.034365789473684204,0.07339473684210526,0.8432894736842106,0.08334210526315788,0.015807894736842118
2018-08-16,0.056,0.82571875,0.1183125,0.083315625,0.05528125,0.8496874999999999,0.09496875000000002,0.14661250000000003
2018-08-15,0.12089743589743589,0.8208205128205126,0.058282051282051286,-0.09418205128205127,0.08212820512820511,0.8518717948717949,0.066,-0.049774358974358994
2018-08-14,0.0635625,0.8364062499999999,0.1,0.03703437500000001,0.08093750000000001,0.8504062499999998,0.06871875000000001,-0.036049999999999985
2018-08-13,0.11310810810810809,0.8022972972972972,0.08459459459459459,-0.05340270270270271,0.09402702702702705,0.8541351351351351,0.05181081081081081,-0.1784108108108108
2018-08-12,0.175,0.7348000000000001,0.0902,-0.13757999999999998,0.11040000000000001,0.8211999999999999,0.06860000000000001,-0.06392
2018-08-11,0.0665,0.9335,0.0,-0.1101,0.04125,0.8957499999999999,0.06325,0.118475
2018-08-10,0.14864285714285713,0.8240000000000001,0.027357142857142858,-0.179125,0.06321428571428571,0.8733571428571428,0.06342857142857143,0.014835714285714296
2018-08-09,0.0817142857142857,0.8393999999999998,0.0788857142857143,-0.020114285714285716,0.06345714285714286,0.8457142857142858,0.09079999999999999,0.07990571428571429
2018-08-08,0.09605882352941178,0.8571372549019606,0.04680392156862745,-0.087221568627451,0.053764705882352944,0.8756470588235296,0.07054901960784313,0.06785490196078434
2018-08-07,0.07087179487179487,0.8350512820512819,0.0941025641025641,0.0316025641025641,0.043974358974358974,0.8712307692307695,0.08476923076923078,0.1593897435897436
2018-08-06,0.09405405405405405,0.786081081081081,0.11981081081081081,0.0340918918918919,0.05935135135135135,0.8637297297297298,0.07686486486486487,0.04334594594594594
2018-08-05,0.08080000000000001,0.8064,0.11280000000000001,0.019399999999999983,0.07959999999999999,0.836,0.0846,0.05116000000000002
2018-08-04,0.062,0.7432857142857143,0.1947142857142857,0.2364285714285714,0.05771428571428572,0.8075714285714286,0.13442857142857143,0.28947142857142855
2018-08-03,0.06526315789473686,0.8322105263157894,0.10255263157894737,0.05916052631578948,0.05781578947368421,0.8336052631578948,0.1085,0.18334210526315795
2018-08-02,0.09865789473684208,0.8279473684210528,0.07342105263157894,-0.03610789473684211,0.057868421052631576,0.8470263157894736,0.0951842105263158,0.1454315789473684
2018-08-01,0.09638297872340425,0.7912765957446808,0.1123404255319149,0.01765531914893617,0.05923404255319149,0.8478297872340423,0.09304255319148938,0.12480851063829788
2018-07-31,0.0656326530612245,0.8251836734693877,0.10916326530612246,0.0632326530612245,0.05373469387755104,0.8520000000000001,0.09422448979591837,0.15942448979591833
2018-07-30,0.08326470588235294,0.8399411764705883,0.07676470588235294,0.00681176470588236,0.05352941176470588,0.8838235294117647,0.0626470588235294,-0.003438235294117639
2018-07-29,0.0922,0.8131999999999999,0.0944,0.04641999999999998,0.092,0.7954,0.1126,0.08706
2018-07-28,0.12357142857142857,0.7834285714285715,0.093,-0.044000000000000004,0.03442857142857143,0.8849999999999999,0.08057142857142859,0.2518714285714286
2018-07-27,0.08055813953488374,0.7885813953488372,0.13090697674418608,0.0732325581395349,0.07544186046511628,0.8301162790697675,0.09444186046511628,0.07551627906976745
2018-07-26,0.1183818181818182,0.7327454545454546,0.14887272727272724,0.04981999999999999,0.07992727272727272,0.8154363636363633,0.1045818181818182,0.0821181818181818
2018-07-25,0.13035555555555559,0.742088888888889,0.12753333333333333,0.0052177777777777734,0.07942222222222221,0.8321555555555554,0.08840000000000002,0.041800000000000004
2018-07-24,0.08845,0.7885249999999998,0.123075,0.029270000000000008,0.06952499999999998,0.8615499999999997,0.068925,0.035722500000000004
2018-07-23,0.10685294117647061,0.7840588235294117,0.10905882352941176,-0.010052941176470584,0.06435294117647058,0.8569117647058823,0.07858823529411764,0.030379411764705874
2018-07-22,0.07250000000000001,0.878,0.0495,-0.01712500000000001,0.10662500000000001,0.8325,0.060875000000000005,-0.1255625
2018-07-21,0.085,0.849,0.06607142857142857,-0.03368571428571427,0.08821428571428572,0.8648571428571427,0.047,-0.19825000000000004
2018-07-20,0.09997058823529413,0.8330588235294119,0.06694117647058823,-0.07946176470588236,0.07220588235294118,0.8501470588235294,0.07770588235294118,-0.021370588235294117
2018-07-19,0.09160377358490565,0.8276603773584903,0.0807169811320755,-0.04821509433962263,0.0650377358490566,0.8576037735849055,0.07730188679245283,0.06450754716981133
2018-07-18,0.085,0.8144179104477612,0.10056716417910448,0.011685074626865683,0.053925373134328346,0.8527761194029848,0.0932537313432836,0.15825820895522386
2018-07-17,0.08159016393442622,0.8370000000000001,0.08140983606557377,-0.008732786885245904,0.059721311475409836,0.8736557377049178,0.06659016393442624,0.007140983606557382
2018-07-16,0.08247619047619048,0.7724603174603173,0.1450793650793651,0.09287936507936509,0.047460317460317474,0.8530158730158729,0.09960317460317461,0.20474761904761907
2018-07-15,0.07927272727272726,0.8913636363636364,0.029454545454545452,-0.07854545454545454,0.06545454545454546,0.8764545454545455,0.05800000000000001,-0.1118272727272727
2018-07-14,0.0635,0.9365,0.0,-0.07655,0.0,1.0,0.0,0.0
2018-07-13,0.0986078431372549,0.789313725490196,0.11203921568627451,0.013286274509803922,0.0821764705882353,0.8320980392156864,0.08574509803921568,-0.0027764705882352943
2018-07-12,0.11648148148148148,0.7800185185185184,0.10348148148148148,-0.04180555555555555,0.0728148148148148,0.8295555555555554,0.09762962962962965,0.0730685185185185
2018-07-11,0.1439047619047619,0.787142857142857,0.06897619047619047,-0.14968333333333333,0.07871428571428572,0.8529761904761903,0.0682857142857143,-0.09385952380952381
2018-07-10,0.058333333333333334,0.8560555555555557,0.08561111111111112,0.03034166666666667,0.060305555555555564,0.8547777777777777,0.08483333333333333,0.06746111111111112
2018-07-09,0.083,0.8130810810810811,0.10386486486486486,0.02803513513513514,0.056567567567567575,0.8751351351351349,0.06821621621621622,0.01567297297297298
2018-07-08,0.0,0.7826666666666666,0.21733333333333335,0.38280000000000003,0.0,0.9043333333333333,0.09566666666666668,0.33113333333333334
2018-07-07,0.21255555555555555,0.7874444444444444,0.0,-0.3445888888888889,0.08655555555555557,0.8468888888888889,0.06644444444444444,-0.030822222222222233
2018-07-06,0.1535,0.7683409090909091,0.07811363636363636,-0.1493727272727273,0.09518181818181817,0.8127045454545456,0.09211363636363634,-0.01914318181818182
2018-07-05,0.12039024390243902,0.7895121951219514,0.09009756097560975,-0.045851219512195125,0.058707317073170735,0.8528780487804879,0.08836585365853661,0.09373902439024394
2018-07-04,0.12796296296296297,0.7806296296296297,0.09144444444444444,-0.06754444444444446,0.08425925925925926,0.8526666666666668,0.06307407407407406,-0.10084074074074074
2018-07-03,0.11669444444444446,0.7985833333333333,0.08474999999999999,-0.03951666666666667,0.04952777777777777,0.8693611111111114,0.08105555555555558,0.14606111111111109
2018-07-02,0.1068,0.8294285714285715,0.06374285714285714,-0.08566285714285717,0.07622857142857145,0.856057142857143,0.06777142857142857,-0.029948571428571436
2018-07-01,0.04146666666666667,0.8753333333333334,0.08320000000000001,0.07231333333333331,0.06986666666666667,0.8696666666666667,0.06046666666666667,-0.037939999999999995
2018-06-30,0.08,0.80075,0.11925,0.06024999999999999,0.064,0.8478750000000002,0.08812500000000001,0.14425
2018-06-29,0.08493617021276596,0.8099148936170215,0.10512765957446808,0.019512765957446818,0.07372340425531916,0.848255319148936,0.07808510638297875,0.02243191489361701
2018-06-28,0.11801818181818184,0.7846363636363638,0.09743636363636365,-0.05627272727272727,0.0637090909090909,0.8433818181818181,0.09285454545454545,0.07653454545454545
2018-06-27,0.1042121212121212,0.8094848484848487,0.08624242424242425,-0.01836363636363636,0.08045454545454545,0.8346666666666666,0.08490909090909089,0.014733333333333343
2018-06-26,0.16105128205128205,0.7370256410256412,0.10192307692307691,-0.12735897435897436,0.076,0.8366153846153848,0.08746153846153847,0.011120512820512823
2018-06-25,0.0868,0.8289777777777777,0.08422222222222223,-0.03265333333333332,0.07340000000000002,0.8584444444444443,0.06813333333333332,-0.047182222222222216
2018-06-24,0.09714285714285713,0.813,0.08985714285714286,0.02257142857142857,0.08328571428571428,0.8547142857142858,0.06214285714285713,-0.14375714285714286
2018-06-23,0.06925,0.8395,0.091,0.025825,0.04575,0.90425,0.05,0.028874999999999998
2018-06-22,0.12928205128205128,0.7653589743589743,0.10533333333333332,-0.06703076923076923,0.08920512820512821,0.8414871794871792,0.0692820512820513,-0.12116923076923077
2018-06-21,0.07776000000000001,0.80832,0.11399999999999999,0.05773,0.06452,0.8405199999999998,0.09506,0.09136399999999999
2018-06-20,0.09234482758620689,0.8079310344827587,0.0997241379310345,0.0024189655172413694,0.07813793103448276,0.832086206896552,0.08975862068965518,0.05281379310344829
2018-06-19,0.1241320754716981,0.7855283018867923,0.09032075471698114,-0.06482075471698114,0.08013207547169811,0.8378679245283018,0.08203773584905659,-0.02670943396226414
2018-06-18,0.09244186046511627,0.8075581395348838,0.10002325581395347,0.011553488372093025,0.07518604651162791,0.8517441860465118,0.07297674418604651,0.0006720930232558179
2018-06-17,0.061,0.90325,0.03575,-0.0781,0.0125,0.91025,0.07725,0.26595
2018-06-16,0.12288888888888888,0.8045555555555555,0.07255555555555555,-0.07781111111111112,0.03922222222222223,0.8974444444444445,0.06344444444444446,0.11716666666666667
2018-06-15,0.11014035087719301,0.8303333333333334,0.05952631578947368,-0.08808947368421052,0.0671578947368421,0.8638245614035087,0.06896491228070174,0.0049649122807017545
2018-06-14,0.056973684210526315,0.8350263157894735,0.10802631578947368,0.08367894736842106,0.04557894736842105,0.8829473684210526,0.07147368421052631,0.07721052631578945
2018-06-13,0.06963461538461538,0.837307692307692,0.09305769230769231,0.02916730769230769,0.07594230769230773,0.8420961538461539,0.08192307692307692,0.045796153846153834
2018-06-12,0.06166666666666667,0.8545208333333334,0.08381250000000001,0.039866666666666675,0.05752083333333333,0.8516249999999999,0.09083333333333334,0.1232208333333333
2018-06-11,0.11512820512820515,0.8169230769230769,0.06794871794871794,-0.08440256410256408,0.08979487179487176,0.8500512820512821,0.060128205128205145,-0.11750256410256411
2018-06-10,0.15645454545454546,0.7582727272727272,0.08518181818181818,-0.16132727272727274,0.09754545454545455,0.8013636363636363,0.1010909090909091,-0.03191818181818182
2018-06-09,0.12150000000000001,0.7879,0.09065,-0.053869999999999994,0.07805,0.8238,0.09805,0.10469500000000002
2018-06-08,0.10450000000000002,0.7976923076923076,0.09778846153846156,-0.0173576923076923,0.05546153846153846,0.8734423076923074,0.0711346153846154,0.062138461538461504
2018-06-07,0.09803703703703706,0.8083888888888888,0.09359259259259257,-0.021012962962962973,0.06475925925925928,0.8644629629629628,0.07075925925925927,0.013961111111111106
2018-06-06,0.08496000000000002,0.8213000000000003,0.09369999999999999,0.021918000000000007,0.06777999999999999,0.8245399999999998,0.10769999999999999,0.147312
2018-06-05,0.095,0.8298113207547168,0.07516981132075472,-0.05289433962264153,0.0628679245283019,0.8769433962264152,0.060188679245283025,-0.028375471698113195
2018-06-04,0.09749152542372883,0.839372881355932,0.0631186440677966,-0.04491186440677966,0.06710169491525424,0.8524745762711863,0.0804237288135593,0.06354915254237288
2018-06-03,0.18389473684210528,0.7521052631578946,0.06405263157894737,-0.1614421052631579,0.07863157894736843,0.8748421052631579,0.046421052631578946,-0.07532105263157896
2018-06-02,0.09344444444444444,0.8685555555555555,0.038,-0.11459444444444444,0.051666666666666666,0.8528333333333333,0.09555555555555556,0.16488333333333333
2018-06-01,0.08404761904761904,0.8312698412698414,0.08471428571428571,-0.019966666666666664,0.07377777777777779,0.8462380952380951,0.07993650793650792,0.013968253968253965
2018-05-31,0.1100952380952381,0.8222698412698413,0.06765079365079367,-0.06583333333333333,0.05125396825396826,0.87615873015873,0.07260317460317461,0.06464761904761904
2018-05-30,0.10625490196078431,0.791705882352941,0.102,0.0031647058823529453,0.0629607843137255,0.8661176470588231,0.07101960784313724,0.01844313725490197
2018-05-29,0.09469767441860465,0.7897674418604653,0.11553488372093024,0.018204651162790703,0.061000000000000006,0.8419302325581395,0.09709302325581397,0.16198372093023258
2018-05-28,0.05015384615384615,0.9036153846153846,0.04623076923076923,0.00696923076923077,0.08446153846153845,0.8788461538461539,0.03669230769230769,-0.23204615384615385
2018-05-27,0.04544444444444445,0.8831111111111112,0.07144444444444445,0.05415555555555555,0.06344444444444446,0.87,0.06666666666666668,0.0075888888888888915
2018-05-26,0.063,0.89,0.047,-0.007574999999999998,0.028999999999999998,0.898,0.073,0.19954999999999995
2018-05-25,0.09148484848484849,0.8081818181818181,0.10036363636363635,-0.012796969696969697,0.061606060606060616,0.8640909090909091,0.07436363636363635,0.021403030303030313
2018-05-24,0.0901851851851852,0.8371296296296294,0.07266666666666667,-0.0262611111111111,0.07157407407407408,0.8390925925925926,0.0893148148148148,0.025364814814814826
2018-05-23,0.1257906976744186,0.8065813953488372,0.06758139534883721,-0.09962093023255814,0.07209302325581396,0.8574651162790698,0.07041860465116279,-0.04623488372093023
2018-05-22,0.09046938775510203,0.8441224489795918,0.06540816326530613,-0.05602244897959184,0.05357142857142858,0.8711020408163266,0.07526530612244899,0.07833673469387759
2018-05-21,0.09263333333333333,0.8329333333333333,0.07446666666666667,-0.04109333333333333,0.06743333333333333,0.8322000000000002,0.10036666666666666,0.09551333333333331
2018-05-20,0.13318181818181818,0.7413636363636363,0.12536363636363637,-0.03460000000000003,0.06063636363636363,0.8490909090909091,0.09027272727272728,0.07151818181818183
2018-05-19,0.09916666666666667,0.7966666666666665,0.10433333333333333,-0.015399999999999988,0.10149999999999999,0.8465000000000001,0.051833333333333335,-0.2581333333333333
2018-05-18,0.08240740740740739,0.857388888888889,0.06020370370370371,-0.04287222222222221,0.04692592592592593,0.8867222222222222,0.06631481481481483,0.07095185185185184
2018-05-17,0.07817808219178082,0.8378082191780819,0.08401369863013697,-0.004532876712328763,0.04465753424657534,0.8774109589041096,0.0779178082191781,0.12664246575342464
2018-05-16,0.07196153846153845,0.8457884615384614,0.0822307692307692,0.01081346153846154,0.06196153846153845,0.8473461538461541,0.09063461538461536,0.14108846153846155
2018-05-15,0.0724920634920635,0.8658253968253968,0.06168253968253968,-0.004926984126984117,0.05795238095238096,0.8669206349206351,0.07515873015873016,0.07564126984126986
2018-05-14,0.035758064516129034,0.8385967741935483,0.12562903225806452,0.14450000000000005,0.04400000000000001,0.8706290322580648,0.0854032258064516,0.1480693548387097
2018-05-13,0.1403333333333333,0.8341666666666666,0.0255,-0.18709999999999996,0.08999999999999998,0.8551666666666667,0.055,-0.2596333333333333
2018-05-12,0.06666666666666667,0.8041666666666667,0.12916666666666668,0.0544,0.026166666666666668,0.9001666666666667,0.07366666666666666,0.14493333333333333
2018-05-11,0.055952380952380955,0.8555714285714283,0.0885,0.041621428571428566,0.054380952380952384,0.8627380952380955,0.08288095238095236,0.11808095238095237
2018-05-10,0.06192105263157895,0.8373684210526317,0.10068421052631579,0.05295526315789474,0.0746578947368421,0.8478157894736839,0.0775263157894737,0.032831578947368406
2018-05-09,0.07020833333333333,0.8563958333333334,0.07337500000000001,0.0056729166666666594,0.046250000000000006,0.8691874999999998,0.08458333333333334,0.14328125000000003
2018-05-08,0.11147826086956523,0.8004565217391305,0.08804347826086956,-0.04905869565217389,0.07050000000000001,0.8621739130434783,0.06728260869565218,-0.012582608695652168
2018-05-07,0.08931428571428572,0.8582285714285712,0.05245714285714286,-0.03896857142857143,0.057800000000000004,0.8793428571428571,0.06282857142857144,0.00767714285714285
2018-05-06,0.09406666666666667,0.8131333333333334,0.09280000000000001,-0.011773333333333328,0.06313333333333332,0.8506666666666668,0.08613333333333334,0.13862666666666668
2018-05-05,0.09942857142857142,0.8337142857142857,0.06685714285714286,-0.015585714285714283,0.06685714285714286,0.8471428571428571,0.08592857142857142,0.08982857142857144
2018-05-04,0.11895348837209305,0.7880930232558138,0.09297674418604651,-0.04821162790697674,0.08748837209302325,0.8210232558139537,0.09146511627906978,0.000611627906976732
2018-05-03,0.1032439024390244,0.8080243902439026,0.08870731707317073,-0.023260975609756093,0.06921951219512197,0.8513902439024389,0.07936585365853661,0.05916829268292684
2018-05-02,0.0819056603773585,0.8199811320754716,0.09809433962264147,0.03295471698113207,0.04196226415094339,0.8580943396226415,0.09990566037735849,0.23993207547169812
2018-05-01,0.052357142857142866,0.8565238095238092,0.09111904761904761,0.07283571428571428,0.06059523809523809,0.8532619047619047,0.08619047619047619,0.11262142857142855
2018-04-30,0.05219512195121952,0.8652195121951218,0.08260975609756098,0.04705609756097561,0.04519512195121952,0.8755121951219516,0.07931707317073171,0.12366341463414636
2018-04-29,0.0593076923076923,0.8309230769230769,0.10976923076923076,0.06016153846153848,0.03392307692307693,0.8475384615384615,0.11853846153846155,0.3281307692307693
2018-04-28,0.16714285714285712,0.8328571428571427,0.0,-0.27845714285714285,0.115,0.8584285714285714,0.026571428571428572,-0.36560000000000004
2018-04-27,0.10060465116279069,0.7545813953488373,0.14483720930232558,0.04526511627906977,0.06532558139534884,0.8373023255813953,0.09732558139534885,0.12563953488372095
2018-04-26,0.09405555555555557,0.766074074074074,0.13988888888888887,0.08200925925925927,0.05861111111111112,0.8510555555555555,0.09037037037037036,0.09573518518518515
2018-04-25,0.11320689655172413,0.7763275862068966,0.11043103448275862,-0.010381034482758626,0.0591551724137931,0.848689655172414,0.09210344827586207,0.13121724137931032
2018-04-24,0.06832142857142857,0.8003214285714285,0.13135714285714284,0.08134642857142857,0.054625,0.8587678571428571,0.08660714285714285,0.13042321428571427
2018-04-23,0.1058918918918919,0.8015405405405405,0.09254054054054056,-0.018586486486486482,0.06508108108108109,0.8517837837837836,0.08318918918918917,0.04404054054054054
2018-04-22,0.09820000000000001,0.8256,0.07626666666666668,-0.016533333333333337,0.06473333333333332,0.8604666666666668,0.0748,0.06746
2018-04-21,0.028,0.914,0.058,0.028585714285714287,0.03214285714285715,0.9017142857142858,0.066,0.13204285714285713
2018-04-20,0.10587272727272729,0.8185636363636363,0.07556363636363637,-0.06224545454545454,0.07032727272727274,0.8652909090909091,0.06438181818181818,-0.054561818181818184
2018-04-19,0.10400000000000002,0.8126000000000001,0.08344,-0.04094199999999999,0.06096,0.8599399999999998,0.07907999999999998,0.027721999999999997
2018-04-18,0.093,0.8058974358974359,0.10107692307692309,0.014633333333333335,0.053256410256410244,0.8479487179487182,0.0987948717948718,0.17384102564102563
2018-04-17,0.11443137254901961,0.7757254901960785,0.10984313725490197,-0.02818627450980392,0.08688235294117647,0.8164901960784313,0.09660784313725493,-0.0018372549019607931
2018-04-16,0.10282,0.7983799999999998,0.09879999999999999,-0.0035900000000000055,0.06068,0.8621,0.07726000000000001,0.031028000000000014
2018-04-15,0.07182352941176472,0.8459999999999999,0.0821764705882353,0.01180588235294117,0.06717647058823528,0.8638823529411763,0.06905882352941176,-0.0011764705882353083
2018-04-14,0.15087499999999998,0.7269999999999999,0.122125,-0.052349999999999994,0.093375,0.8106250000000002,0.096125,-0.0022749999999999784
2018-04-13,0.08628888888888889,0.825977777777778,0.08777777777777777,-0.00010444444444444282,0.052311111111111114,0.8558000000000001,0.0918666666666667,0.13635777777777777
2018-04-12,0.048204081632653065,0.8774285714285712,0.07440816326530612,0.024567346938775516,0.04906122448979593,0.8826530612244899,0.0683673469387755,0.05513877551020409
2018-04-11,0.08227083333333333,0.8540416666666665,0.06370833333333334,-0.017647916666666662,0.05058333333333332,0.8918125,0.05756249999999999,0.015783333333333333
2018-04-10,0.07841666666666665,0.8156666666666665,0.1059027777777778,0.03468472222222222,0.057722222222222216,0.8461249999999998,0.09611111111111113,0.12149027777777777
2018-04-09,0.08342857142857142,0.8239821428571429,0.09258928571428571,0.025178571428571432,0.04933928571428571,0.8760892857142855,0.07450000000000001,0.10505000000000002
2018-04-08,0.11263636363636365,0.8210000000000001,0.06636363636363636,-0.07312727272727272,0.06936363636363635,0.8437272727272728,0.08700000000000001,0.050718181818181815
2018-04-07,0.0652,0.8701000000000001,0.06470000000000001,-0.0188,0.0331,0.9190000000000002,0.047799999999999995,0.055709999999999996
2018-04-06,0.12556140350877193,0.7759473684210525,0.09850877192982456,-0.04679824561403509,0.07128070175438596,0.8434736842105265,0.08521052631578947,0.054001754385964926
2018-04-05,0.0936734693877551,0.7829795918367345,0.12334693877551021,0.02461836734693878,0.06244897959183675,0.8573469387755103,0.08020408163265305,0.09598163265306123
2018-04-04,0.08795121951219513,0.8292317073170729,0.08282926829268293,-0.015306097560975602,0.06186585365853661,0.8640731707317073,0.07413414634146341,0.040414634146341465
2018-04-03,0.062454545454545464,0.8388,0.09874545454545455,0.05074181818181817,0.045672727272727275,0.8603454545454543,0.09400000000000001,0.18983636363636355
2018-04-02,0.08444444444444445,0.8771388888888888,0.03838888888888889,-0.08010277777777779,0.05319444444444443,0.8892222222222222,0.057611111111111106,0.005038888888888902
2018-04-01,0.0685,0.814,0.1175,0.021449999999999997,0.05875,0.8995,0.04175,-0.08577500000000002
2018-03-31,0.22960000000000003,0.7327999999999999,0.0376,-0.17926000000000003,0.093,0.8592000000000001,0.0478,-0.07412
2018-03-30,0.13533333333333333,0.8150476190476192,0.049666666666666665,-0.15141904761904762,0.079,0.8667142857142855,0.054285714285714284,-0.08807619047619049
2018-03-29,0.0885762711864407,0.8331355932203391,0.07827118644067796,-0.03176440677966102,0.0844237288135593,0.8337966101694915,0.08177966101694918,-0.02879322033898304
2018-03-28,0.06351724137931035,0.8378793103448273,0.09860344827586207,0.04977931034482758,0.043362068965517246,0.8677931034482758,0.08882758620689656,0.19327758620689647
2018-03-27,0.0992,0.7994,0.10138333333333333,0.0033499999999999975,0.0596,0.8600000000000001,0.08043333333333333,0.05735666666666665
2018-03-26,0.09187272727272726,0.7984545454545454,0.10969090909090912,0.01795454545454546,0.07727272727272727,0.8323818181818181,0.09027272727272728,0.034327272727272734
2018-03-25,0.06644444444444444,0.8705555555555556,0.06305555555555556,-0.0007333333333333358,0.04866666666666667,0.8637222222222223,0.08761111111111111,0.16067222222222222
2018-03-24,0.10145454545454546,0.8063636363636363,0.09218181818181818,0.005636363636363642,0.07036363636363636,0.8618181818181818,0.06781818181818182,-0.07776363636363635
2018-03-23,0.10131481481481483,0.8013148148148148,0.09737037037037036,-0.01138148148148149,0.06322222222222224,0.8430925925925926,0.09370370370370375,0.15563333333333332
2018-03-22,0.11771232876712326,0.7946849315068492,0.08761643835616437,-0.0348027397260274,0.06342465753424659,0.8594246575342465,0.07708219178082193,0.056668493150684944
2018-03-21,0.07670967741935485,0.8391774193548386,0.08411290322580643,0.014061290322580652,0.04735483870967742,0.8758548387096776,0.07677419354838712,0.11588548387096775
2018-03-20,0.10417857142857143,0.8242857142857141,0.07155357142857142,-0.05306785714285715,0.07317857142857143,0.8597678571428569,0.06705357142857143,-0.030853571428571442
