,Close-Close Change,Volume,Annualised 30D Volatility,Future 1D,Future 3D,Future 5D,Future 10D,1D increase,3D increase,5D increase,10D increase
2018-03-20,1.0014817982100468,3261030000,0.1897513698947615,0.9981560137507636,0.9526378941014523,0.961603863169595,0.973407583531473,False,False,False,False
2018-03-21,0.9981560137507636,3415510000,0.18327772143698848,0.9748371086274352,0.9803166010922112,0.9605705162006396,0.9818985003300237,False,False,False,False
2018-03-22,0.9748371086274352,3739800000,0.19711146040122088,0.9790330938952752,0.9882474874134258,0.9989333091247461,0.9851646751321071,False,False,False,False
2018-03-23,0.9790330938952752,3815080000,0.17454252759829172,1.0271572407717926,1.00646766553592,0.997535023529321,1.0096203627147198,True,True,False,True
2018-03-26,1.0271572407717926,3511100000,0.18670757167548369,0.982723665155818,0.9933497583269076,0.9834120103063702,0.9993680765830999,False,False,False,False
2018-03-27,0.982723665155818,3706350000,0.18918883846663526,0.9970833875573181,0.9882340332692855,1.0122750342567999,1.0113181404107754,False,False,True,True
2018-03-28,0.9970833875573181,3864500000,0.18908202516847064,1.0137696737044146,1.0036276391554704,1.022203454894434,1.0226449136276388,True,True,True,True
2018-03-29,1.0137696737044146,3565990000,0.1893222487007656,0.9776626641977834,1.0014464930117728,0.9862166634480307,1.0058427715109035,False,True,False,True
2018-04-02,0.9776626641977834,3598520000,0.1953971242894513,1.0126148387996343,1.0313569956775686,1.0121152028754243,1.0371667157265245,True,True,True,True
2018-04-03,1.0126148387996343,3392810000,0.19975231269562166,1.0115664862590603,0.9961827535428103,1.0162252098911817,1.0351660961196423,True,False,True,True
2018-04-04,1.0115664862590603,3350340000,0.2027315287191133,1.0068628081173976,0.988077997799364,0.9990547096257029,1.0241805277745208,True,False,False,True
2018-04-05,1.0068628081173976,3178970000,0.20341266518734408,0.9780797945051148,0.997758032777035,1.0004318697330665,1.0113750732300844,False,False,True,True
2018-04-06,0.9780797945051148,3299700000,0.21268129048875725,1.0033365713561684,1.0144827930442661,1.0199004020011746,1.0252143430333231,True,True,True,True
2018-04-09,1.0033365713561684,3062960000,0.20686876239311605,1.016726874741692,1.0194515452555524,1.0247516416905198,1.0218624194461872,True,True,True,True
2018-04-10,1.016726874741692,3543930000,0.2101298370339912,0.9944747014343946,0.9997854618404358,1.0186384730905156,0.991602901158129,False,False,True,False
2018-04-11,0.9944747014343946,3020760000,0.20779550064317745,1.008250731400845,1.0134925951578042,1.0251495918158793,0.9989440577702582,True,True,True,False
2018-04-12,1.008250731400845,3021320000,0.20733784282283554,0.9971133525275996,1.0159159756605693,1.0109384794987968,1.0011073615141195,False,True,True,True
2018-04-13,0.9971133525275996,2960910000,0.20392190655251533,1.0081090238301396,1.0197040996875348,1.0052102548657906,1.0051236682603621,True,True,True,True
2018-04-16,1.0081090238301396,3019700000,0.20479072988147115,1.0106615779882293,1.0057098258297732,0.9971805634391898,0.9888753622322471,True,True,False,False
2018-04-17,1.0106615779882293,3234360000,0.2046187015682278,1.0008313657676828,0.9866057737428825,0.9734591097365863,0.9809377066867673,True,False,False,False
2018-04-18,1.0008313657676828,3383410000,0.2044756210118205,0.9942738791423004,0.9858416031661648,0.9744373560163035,0.9730602811743165,False,False,False,False
2018-04-19,0.9942738791423004,3349370000,0.20511159998655654,0.9914634644447168,0.9782520710103114,0.9902752559289748,0.9764586187818636,False,False,False,False
2018-04-20,0.9914634644447168,3388590000,0.2059288333728385,1.0000561768296794,0.9884874950377134,0.9999138621944919,0.9974832780303657,True,False,False,False
2018-04-23,1.0000561768296794,3017480000,0.19865687904761412,0.9866194308483348,0.9987454546135439,0.9916713165985718,1.0008763093147188,False,False,False,True
2018-04-24,0.9866194308483348,3706740000,0.20169535915423076,1.0018371189116968,1.0134178003158023,1.0076824972670961,1.0141807360621893,True,True,True,True
2018-04-25,1.0018371189116968,3499440000,0.20146472185107545,1.010434189588543,1.0032772599833295,0.9985868000303098,1.0221224520724406,True,True,False,True
2018-04-26,1.010434189588543,3665720000,0.20393059513374487,1.0011136358523252,0.9954479665834253,0.9860476801127886,1.021046592724246,True,False,False,True
2018-04-27,1.0011136358523252,3219030000,0.20401698496605605,0.9918124580978386,0.9871755976793225,0.997569206452652,1.0216524152499524,False,False,False,True
2018-04-30,0.9918124580978386,3734530000,0.20494375268772252,1.0025490455240649,0.993081701629501,1.0092823020713357,1.0309963935726292,True,False,True,True
2018-05-01,1.0025490455240649,3559850000,0.20142959109476105,0.992794184119331,1.003246948922706,1.0064486967003163,1.02133870724725,False,True,True,True
2018-05-02,0.992794184119331,4010770000,0.20220525536786893,0.9977463035964291,1.014022999844442,1.023568959695258,1.0329290085632878,False,True,True,True
2018-05-03,0.9977463035964291,3851470000,0.2022247776861609,1.012811201149928,1.016043472143528,1.0354941381814864,1.0343761526848765,True,True,True,True
2018-05-04,1.012811201149928,3327220000,0.19242197120630491,1.0034579600663809,1.0129044611814886,1.0241418927544288,1.0186039002485532,True,True,True,True
2018-05-07,1.0034579600663809,3237960000,0.18166412661865688,0.9997343440730666,1.018872795710592,1.0215143884488311,1.02259197868766,False,True,True,True
2018-05-08,0.9997343440730666,3717570000,0.16406073206759478,1.0096821761130572,1.0208838587981677,1.0147946046288812,1.0196562771340465,True,True,True,True
2018-05-09,1.0096821761130572,3909500000,0.15755565557828302,1.0093706329996035,1.011987589842056,1.0091445219976352,1.0131589189670067,True,True,True,True
2018-05-10,1.0093706329996035,3333050000,0.15884109982522107,1.00170763146008,0.9957327575126602,0.998920336238143,1.0017223207629629,True,False,False,True
2018-05-11,1.00170763146008,2862700000,0.15455177201846734,1.0008835217690966,0.9980716495828017,0.9945925534878947,0.9976573841889934,True,False,False,False
2018-05-14,1.0008835217690966,2972660000,0.13764816916335,0.9931578349748912,0.9963371707574366,1.0010548948218587,0.9852497866401971,False,False,True,False
2018-05-15,0.9931578349748912,3290680000,0.13602777939131488,1.00406055800402,1.000560585664497,1.0047907945932995,1.0046322078592647,True,True,True,True
2018-05-16,1.00406055800402,3202670000,0.1327822309144226,0.9991441563879728,1.0038751717196952,1.0039780198790804,0.9936858576434555,False,True,True,False
2018-05-17,0.9991441563879728,3475400000,0.1317010371674844,0.9973677728637969,1.0015844830945584,1.002805012995703,1.005326951285417,False,True,True,True
2018-05-18,0.9973677728637969,3368690000,0.11345997495107067,1.0073867385190405,1.00748994644246,1.0030814937135322,1.012495530728317,True,True,True,True
2018-05-21,1.0073867385190405,3019890000,0.11466583132887168,0.9968642632116238,0.9980790410572961,0.984211546975679,1.005777512705772,False,False,False,True
2018-05-22,0.9968642632116238,3366310000,0.10589252764559673,1.0032483739777716,0.9988584810089413,0.9998421693999504,1.0175852652288182,True,False,False,True
2018-05-23,1.0032483739777716,3326290000,0.1043377190344977,0.9979767971931264,0.9841107237065954,0.9897486179658949,1.0135660687303585,False,False,False,True
2018-05-24,0.9979767971931264,3256030000,0.10249587416715217,0.9976427544945302,0.9986252456227823,1.0025148840073907,1.0187956418453241,False,False,True,True
2018-05-25,0.9976427544945302,2995260000,0.10234137183004484,0.988435801611712,0.994098473907979,1.0093851168362529,1.0222942458283268,False,False,True,True
2018-05-29,0.988435801611712,3736890000,0.10599504997071336,1.0126958280356602,1.0166402712408826,1.0219119210665242,1.0360576386875158,True,True,True,True
2018-05-30,1.0126958280356602,3561050000,0.10789160861647076,0.9931204364154316,1.0083920396767998,1.0177458966743882,1.0189500038546113,False,True,True,True
2018-05-31,0.9931204364154316,4235370000,0.10982085532048126,1.0108491943502866,1.0160908153345136,1.0240641414720157,1.0285442857829348,True,True,True,True
2018-06-01,1.0108491943502866,3684130000,0.1128017273981893,1.0044795986279629,1.013797163774126,1.0162399163320683,1.0164702956900773,True,True,True,True
2018-06-04,1.0044795986279629,3376510000,0.1099793920506488,1.0007026178887244,1.0085551919093372,1.0127891017776602,1.0097856833414034,True,True,True,True
2018-06-05,1.0007026178887244,3517790000,0.10994877359116116,1.0085673748544821,1.0109975261932482,1.0138424039580909,1.0050167345750873,True,True,True,True
2018-06-06,1.0085673748544821,3651640000,0.10321712448748101,0.9992858044619186,1.003480801486104,1.0011831118004582,0.9981856547694196,False,True,True,False
2018-06-07,0.9992858044619186,3711330000,0.10345680281415973,1.003125936246783,1.0059486638968802,1.0043748668950356,0.9925605605027491,True,True,True,False
2018-06-08,1.003125936246783,3123210000,0.1001723171167746,1.0010687182218256,0.9987765515305699,1.0002266978046295,0.9913099174891963,True,False,True,False
2018-06-11,1.0010687182218256,3232330000,0.10017348828149536,1.0017433501078359,1.0001761322789358,0.9970345075485261,0.9766606757728258,True,True,False,False
2018-06-12,1.0017433501078359,3401010000,0.09596862714035233,0.9959739490822972,0.9974200261944487,0.9912948310816871,0.97711035757217,False,False,False,False
2018-06-13,0.9959739490822972,3779230000,0.09735821355594228,1.0024715109722837,0.9993226762933101,0.9970060851050035,0.9726188288784897,True,False,False,False
2018-06-14,1.0024715109722837,3526890000,0.09381159944313876,0.99898292536541,0.9928481324281488,0.9882371544911217,0.9762155479444677,False,False,False,False
2018-06-15,0.99898292536541,5428790000,0.09341196116015972,0.9978738406855516,0.9955606081319301,0.9910852406409423,0.9779505407136131,False,False,False,False
2018-06-18,0.9978738406855516,3287150000,0.08808420906551663,0.99597656602073,0.9913510590356021,0.9795655700766116,0.9830410094637227,False,False,False,False
2018-06-19,0.99597656602073,3661470000,0.0892039453297444,1.001712161413746,0.9972091406976791,0.9856909639142986,0.9821290890070552,True,False,False,False
2018-06-20,1.001712161413746,3327600000,0.08912123835607645,0.9936545105011348,0.9818416373964706,0.975539511151584,0.9889026205859827,False,False,False,False
2018-06-21,0.9936545105011348,3300060000,0.08794107988745607,1.0018619806819504,0.9902900616781103,0.987835301989992,1.0036585011055514,True,False,False,True
2018-06-22,1.0018619806819504,5450550000,0.08407948120063624,0.9862752642583344,0.9799446799860614,0.9867471541410153,1.0106320420490187,False,False,False,True
2018-06-25,0.9862752642583344,3655080000,0.0933775956725793,1.0022045806696185,0.9997202869267263,1.0035479395083675,1.0282547008358272,True,False,True,True
2018-06-26,1.0022045806696185,3555090000,0.09357846685418514,0.991395709238871,0.9982776729120914,0.996386418220678,1.0187142405969754,False,False,False,True
2018-06-27,0.991395709238871,3776090000,0.09481781475524352,1.0061786244781692,1.0100310042487302,1.0136981734533992,1.0365457488618812,True,True,True,True
2018-06-28,1.0061786244781692,3428140000,0.09582431104435446,1.0007583817752759,0.9988624273370856,1.0160180539040096,1.031292451892457,True,False,True,True
2018-06-29,1.0007583817752759,3565620000,0.0958216947465737,1.003068015023709,1.0067099033612057,1.0242056820815417,1.0294514727575717,True,True,True,True
2018-07-02,1.003068015023709,3073650000,0.09588724202603813,0.9950526458625962,1.0121428388057407,1.0246194131389115,1.0303809352663105,False,True,True,True
2018-07-03,0.9950526458625962,1911470000,0.0944919534386012,1.008620753200994,1.0261497408982687,1.022408798401899,1.0377411341505665,True,True,True,True
2018-07-05,1.008620753200994,2953420000,0.09744245393640777,1.0084812962022356,1.020912735099265,1.022538834543468,1.0248044112971886,True,True,True,True
2018-07-06,1.0084812962022356,2554780000,0.100026523737537,1.0088230391837147,1.0051452630968685,1.0150335891471183,1.0152220072323552,True,True,True,True
2018-07-09,1.0088230391837147,3050040000,0.10270245037885392,1.0034732074550046,1.0050715293965529,1.005121813682354,1.0081927468509464,True,True,True,True
2018-07-10,1.0034732074550046,3063850000,0.1025830157652622,0.9929058213784612,1.00267373936947,1.0056230850728747,1.0095066288692265,False,True,True,True
2018-07-11,0.9929058213784612,2964740000,0.0986055163935901,1.0087490356954891,1.008799503968969,1.0149962869770222,1.0259731364590017,True,True,True,True
2018-07-12,1.0087490356954891,2821690000,0.09515678247637516,1.0010792305300735,1.0040238860161026,1.0022156388365748,1.013990687169664,True,True,True,True
2018-07-13,1.0010792305300735,2614000000,0.09224325923553213,0.9989719095708792,1.0051083243196932,1.000185627438591,1.006250647018716,False,True,True,True
2018-07-16,0.9989719095708792,2812230000,0.08773750855693688,1.003973656657483,1.0021654999410383,1.003055284570277,1.0014901212465563,True,True,True,True
2018-07-17,1.003973656657483,3050730000,0.08756440500410499,1.0021604883344306,0.9972522290046446,1.0038618284066843,1.0023989606876549,True,False,True,True
2018-07-18,1.0021604883344306,3089780000,0.08765697342854595,0.9960470518038655,0.996931404095723,1.0108146695931979,0.9991973348676311,False,False,True,False
2018-07-19,0.9960470518038655,3266700000,0.08552069167060998,0.9990515209538988,1.0056730457231082,1.0117490167552747,1.0081048604202545,False,True,True,True
2018-07-20,0.9990515209538988,3230210000,0.08554986635105777,1.001838084394842,1.0157896803160793,1.0060638939550226,1.013748157454235,True,True,True,True
2018-07-23,1.001838084394842,2907430000,0.08527301797217714,1.0047809389450584,1.010851520139082,0.9984396041297053,1.0154685818922828,True,True,False,True
2018-07-24,1.0047809389450584,3417530000,0.08621930410230241,1.0091015458800172,0.9994397957736493,0.998542759892214,1.0134909941852215,True,False,False,True
2018-07-25,1.0091015458800172,3553010000,0.08972867844866164,0.996967748509348,0.9847263068020112,0.9885069587185135,1.0040863365974833,False,False,False,True
2018-07-26,0.996967748509348,3653330000,0.08931751687997441,0.9934377467012518,0.9925460978910567,0.9963981617232434,1.005688226006541,False,False,False,True
2018-07-27,0.9934377467012518,3415710000,0.09161230094480667,0.9942458191725616,0.9980630192775699,1.0076379477937571,1.0051298060890725,False,False,True,True
2018-07-30,0.9942458191725616,3245770000,0.09328439022131578,1.004884749875116,1.0087846999215013,1.0170555912367085,1.0068971669164346,True,True,True,True
2018-07-31,1.004884749875116,3892100000,0.09391687286514493,0.9989596241864296,1.0085431542916385,1.0149700492491889,1.0084046742345423,False,True,True,True
2018-08-01,0.9989596241864296,3496990000,0.09305563821479848,1.0049264935877384,1.0131657519833934,1.0157605141183494,1.001780788807689,True,True,True,True
2018-08-02,1.0049264935877384,3467380000,0.09384528170515877,1.0046441380578799,1.0110461867134495,1.0093236465503213,1.004764397535388,True,True,True,True
2018-08-03,1.0046441380578799,3030390000,0.09203189876288917,1.0035382963367192,1.00610840213354,0.9975108701392438,1.0034432376291655,True,True,False,True
2018-08-06,1.0035382963367192,2874540000,0.09228083322417256,1.0028241650294694,1.0011156328936288,0.990011928150435,1.0023330058939097,True,True,False,True
2018-08-07,1.0028241650294694,3162770000,0.08085303100104166,0.9997376200388324,0.9911945285032101,0.9935314593573443,1.001577778166489,False,False,False,True
2018-08-08,0.9997376200388324,2972200000,0.08103645451167296,0.9985582811351786,0.9874829408265389,0.9862371837491689,1.0014417188648215,False,False,False,True
2018-08-09,0.9985582811351786,3047050000,0.07566241471021268,0.9928861290028668,0.9952270481290171,0.9954828671353176,1.001191485782771,False,False,False,True
2018-08-10,0.9928861290028668,3256040000,0.07881398150859957,0.995994042240795,0.9947375480009033,1.0059471707702732,1.0146155692342442,False,False,True,True
2018-08-13,0.995994042240795,3158450000,0.08035516304944687,1.006389244240644,1.0066479324433986,1.0124453831243156,1.0265102252713565,True,True,True,True
2018-08-14,1.006389244240644,2976970000,0.08157206220503951,0.9923977802504259,1.0035810363526247,1.0080987056155721,1.0202678910970575,False,True,True,True
2018-08-15,0.9923977802504259,3645070000,0.08369405495316977,1.0079194711836983,1.0137242448649397,1.0154167124969398,1.0339451526946422,True,True,True,True
2018-08-16,1.0079194711836983,3219880000,0.08318280111908316,1.0033231362802701,1.007839644593391,1.0057345222463556,1.0212765208452876,True,True,True,True
2018-08-17,1.0033231362802701,3024100000,0.08059382178228419,1.002427959426412,1.0041015672969302,1.0086171507966302,1.0180307564918094,True,True,True,True
2018-08-20,1.002427959426412,2748020000,0.07732416053182578,1.0020685672284348,0.9999754992037241,1.013891951488423,1.0138849512609158,True,False,True,True
2018-08-21,1.0020685672284348,3147140000,0.07702030712714418,0.9996018107133876,1.0040971581859335,1.0120714225836198,1.0089557660603015,False,True,True,True
2018-08-22,0.9996018107133876,2689560000,0.07339637591413818,0.9983087685458903,1.012202025284609,1.0182471294490916,1.0056712162190495,False,True,True,True
2018-08-23,0.9983087685458903,2713910000,0.07003991267099352,1.00619885333464,1.0141898088191026,1.015453380842708,1.0051452932817169,True,True,True,True
2018-08-24,1.00619885333464,2596190000,0.0718287103432004,1.0076703922857768,1.0136884324918511,1.0093331802733514,1.0008487871735736,True,True,True,True
2018-08-27,1.0076703922857768,2854080000,0.07421365026070738,1.000269268211852,1.0015154967308078,0.9999930956868759,0.9969448414424495,True,True,False,False
2018-08-28,1.000269268211852,2683190000,0.07376943828599214,1.0057014274275933,1.0013804909025652,0.9969215052872803,0.9970319445594857,True,True,False,False
2018-08-29,1.0057014274275933,2791860000,0.07494189573703285,0.995569724506184,0.994056361614803,0.9876494488751014,0.9966163813811755,False,False,False,False
2018-08-30,0.995569724506184,2802180000,0.07523688729616912,1.0001344303771291,0.9956809932681404,0.9898487830603936,1.0013270691075549,True,False,False,True
2018-08-31,1.0001344303771291,2880260000,0.07504078590901328,0.9983456946703796,0.9919111362320439,0.9915940610438668,0.9956160908765063,False,False,False,False
2018-09-04,0.9983456946703796,3077060000,0.07545488882432025,0.9971968295175232,0.9913557402855641,0.9969517247093264,1.0026202049214286,False,False,False,True
2018-09-05,0.9971968295175232,3241250000,0.07540698978274411,0.9963477116942464,0.9960292183064463,1.0001107803088003,1.0066987467977568,False,False,True,True
2018-09-06,0.9963477116942464,3139590000,0.07220939567445299,0.9977866958530948,1.0034189816021264,1.0090790639495493,1.0183110091902505,False,True,True,True
2018-09-07,0.9977866958530948,2946270000,0.0719112563028095,1.001897843770894,1.0060034544238914,1.011595999554268,1.020193754178739,True,True,True,True
2018-09-10,1.001897843770894,2731400000,0.06890090133065517,1.003739837963526,1.0094017301964109,1.0040561253749398,1.014681296986928,True,True,True,True
2018-09-11,1.003739837963526,2899660000,0.0666400102920598,1.0003566617842092,1.005917815429258,1.0056858121327337,1.0095813898728832,True,True,True,True
2018-09-12,1.0003566617842092,3264930000,0.06563584092978676,1.0052822508065298,0.9999584619857942,1.006587236752835,1.0059018595184361,True,False,True,True
2018-09-13,1.0052822508065298,3254930000,0.06659827068526565,1.000275465019386,1.0000447630656504,1.0091488819563526,1.003381333112962,True,True,True,True
2018-09-14,1.000275465019386,3149800000,0.06561371839642527,0.9944302542530414,1.0010223822539226,1.0084991979290738,1.00309812804219,False,True,True,True
2018-09-17,0.9944302542530414,2947760000,0.06722481900745918,1.0053690113541955,1.0145216006646356,1.0105822486845746,1.012389227360842,True,True,True,True
2018-09-18,1.0053690113541955,3074610000,0.06812992481820103,1.0012533097362195,1.0087318502501454,1.0038735534429863,1.006583319273769,True,True,True,True
2018-09-19,1.0012533097362195,3280020000,0.06784255543826323,1.0078405749754982,1.003927165185096,0.9993191079626542,1.0060386182706034,True,True,False,True
2018-09-20,1.0078405749754982,3337730000,0.07096006477187415,0.9996314936449716,0.9948170263584408,0.9942847394011776,0.9900571526059887,False,False,False,False
2018-09-21,0.9996314936449716,5607610000,0.07072648438346146,0.996484245665894,0.991910351677834,0.9946444480095029,0.9849471100840711,False,False,False,False
2018-09-24,0.996484245665894,3372210000,0.06790183569999657,0.9986949239048152,0.9981605620390704,1.001788057012301,0.9880316643659424,False,False,True,False
2018-09-25,0.9986949239048152,3285480000,0.06660799834189697,0.9967107519653172,0.9994580800943903,1.0026993099095887,0.987919987926848,False,False,True,False
2018-09-26,0.9967107519653172,3388620000,0.06582792820589438,1.0027632769780832,1.0064074990450695,1.0067240886863942,0.9586059043968106,True,True,True,False
2018-09-27,1.0027632769780832,3060850000,0.061047646281044025,0.9999931365820178,1.003236101578586,0.9957481125600549,0.9362971859986271,False,True,False,False
2018-09-28,0.9999931365820178,3432300000,0.05760127700905155,1.0036410682297066,1.0039567876237998,0.9902504478410971,0.9496050075841288,True,True,False,False
2018-10-01,1.0036410682297066,3364190000,0.0577268503213971,0.9996033632064664,0.9921424883487941,0.9862681606652555,0.9405728666240396,False,False,False,False
2018-10-02,0.9996033632064664,3401880000,0.05764331274640055,1.0007114930065029,0.9870494590258705,0.9852604645912507,0.9611723215537914,True,False,False,False
2018-10-03,1.0007114930065029,3598710000,0.05751215368436782,0.9918304842574456,0.9859580039035927,0.9522032055949214,0.9602462476628004,False,False,False,False
2018-10-04,0.9918304842574456,3496860000,0.06298352410498198,0.9944720344911964,0.9926695868845227,0.9402952154148903,0.9542219664255361,False,False,False,False
2018-10-05,0.9944720344911964,3328980000,0.06507343673227392,0.9996049307415864,0.9653829226114767,0.9589543833627323,0.9591796421504241,False,False,False,False
2018-10-08,0.9996049307415864,3330320000,0.06267679267385291,0.9985820422059124,0.9458957228984581,0.9536684890948992,0.955433135836196,False,False,False,False
2018-10-09,0.9985820422059124,3520500000,0.05856339130876595,0.9671358242429712,0.9606956123235451,0.9755514973926689,0.9515161404556403,False,False,False,False
2018-10-10,0.9671358242429712,4501250000,0.11131561304915157,0.9794269262801184,0.9874752304643752,1.0084467706269207,0.9534835300537029,False,False,True,False
2018-10-11,0.9794269262801184,4890630000,0.12247002648993185,1.014206284338268,1.0298896410677438,1.0148110410244946,0.9916433621539599,True,True,True,False
2018-10-12,1.014206284338268,3966040000,0.13108025392027914,0.9940949648191448,1.0152070918243814,1.000234900420291,0.9608113821902114,False,True,True,False
2018-10-15,0.9940949648191448,3300140000,0.13157695120528792,1.021495643069809,1.00653993943558,1.0018503775279097,0.9601787122971943,True,True,True,False
2018-10-16,1.021495643069809,3428340000,0.14781717015914772,0.9997473237672246,0.9850031317617581,0.9753622878943168,0.9546997779296205,False,False,False,False
2018-10-17,0.9997473237672246,3321710000,0.147727320591009,0.9856080535097056,0.9810160151786443,0.9454971326458325,0.9653034127032154,False,False,False,False
2018-10-18,0.9856080535097056,3616440000,0.15267114300075435,0.9996388300984548,0.9898547374655983,0.977170450523335,0.989739163097104,False,False,False,False
2018-10-19,0.9996388300984548,3566490000,0.15266336518570572,0.9957005253307704,0.9596499721798695,0.9605857401961138,0.9838426464531139,False,False,False,False
2018-10-22,0.9957005253307704,3307140000,0.15263335593931754,0.9944881489760076,0.981744488148976,0.958405300666212,0.9936245409814648,False,False,False,False
2018-10-23,0.9944881489760076,4348580000,0.15228672463590828,0.9691355096709222,0.9700805271665166,0.9788155537474144,1.005385505110027,False,False,False,True
2018-10-24,0.9691355096709222,4709310000,0.17396726724225006,1.0186250517676294,0.994409096043071,1.02094800647566,1.0594066488460523,True,False,True,True
2018-10-25,1.0186250517676294,4634770000,0.18335738595642748,0.982672782445104,0.9915211951640507,1.0128623543282933,1.0374264942322688,False,False,True,True
2018-10-26,0.982672782445104,4803150000,0.1882466560676206,0.9934403785322848,1.0199534357145812,1.0242111716672497,1.0460076202942044,False,True,True,True
2018-10-29,0.9934403785322848,4673700000,0.18839135467049375,1.0156668244202556,1.0375276857548508,1.0367477520113577,1.0321703738760044,True,True,True,True
2018-10-30,1.0156668244202556,5106380000,0.1945876355560177,1.0108512914565182,1.015071031040434,1.027145003224447,1.0147429947476907,True,True,True,True
2018-10-31,1.0108512914565182,5112420000,0.19818152659329635,1.01055779683893,1.0097981369895341,1.0376695405901741,0.9962533281214269,True,True,True,False
2018-11-01,1.01055779683893,4708420000,0.19953559006174326,0.9936833347321712,1.0055029065418168,1.024252199520502,0.9962888223123143,False,True,True,False
2018-11-02,0.9936833347321712,4237930000,0.19981618127636971,1.0056003172901071,1.0333558570138,1.0212812057024077,1.0048511600919543,True,True,True,True
2018-11-05,1.0056003172901071,3623320000,0.20109974394516114,1.0062593351373657,1.0250227329995507,0.9955848680390454,0.9826243193794706,True,True,False,False
2018-11-06,1.0062593351373657,3510860000,0.2025344411787443,1.0212088769529477,1.0092761617884554,0.9879257471556365,0.958787130958645,True,True,False,False
2018-11-07,1.0212088769529477,3914750000,0.21313893817042784,0.9974910177725498,0.9688438425098348,0.9600872813080822,0.9417319084967781,False,False,False,False
2018-11-08,0.9974910177725498,3630490000,0.21288080876928114,0.9908010103925068,0.9698414225300424,0.9726987384344611,0.937912164256474,False,False,False,False
2018-11-09,0.9908010103925068,4019090000,0.21411128148633699,0.9802985246367324,0.9714384342379205,0.983912319624884,0.961323404087004,False,False,False,False
2018-11-12,0.9802985246367324,3670930000,0.21988233802912724,0.998518094651202,1.0014598968535187,0.9869819750423662,0.983842096382537,False,True,False,False
2018-11-13,0.998518094651202,4091440000,0.2198255372252849,0.9924325356883088,1.0051759986481423,0.9705052568162281,1.007938490474546,False,True,False,True
2018-11-14,0.9924325356883088,4402370000,0.2201553232971972,1.0105938006647959,0.995983831683681,0.9808815581992756,1.0134069692550283,True,False,False,True
2018-11-15,1.0105938006647959,4179140000,0.2227008059290179,1.0022232803457622,0.9676543842941909,0.964237052230606,1.0109772177862428,True,False,False,True
2018-11-16,1.0022232803457622,3975180000,0.22274633079787048,0.9833569055685294,0.9684460963282131,0.9770417393020424,1.01977144068385,False,False,False,True
2018-11-19,0.9833569055685294,3772900000,0.22687542213702774,0.9818487919635192,0.9783813314602358,0.9968187071909856,1.0034674605032832,False,False,False,True
2018-11-20,0.9818487919635192,4357900000,0.23150074831133136,1.003043275836617,1.011945993209407,1.0385708716108544,1.0204626233491927,True,True,True,True
2018-11-21,1.003043275836617,3233550000,0.21364652294244732,0.9934451098708268,1.0121663591113728,1.0331593664738312,0.9936413414693965,False,True,True,False
2018-11-23,0.9934451098708268,1651650000,0.20656080315363967,1.0155324095177318,1.0422516485854072,1.0484737289938308,1.0019600692861692,True,True,True,True
2018-11-26,1.0155324095177318,3443950000,0.20744905023530624,1.0032617030428848,1.024070021881838,1.0437337522676686,0.9862836409882356,True,True,True,False
2018-11-27,1.0032617030428848,3485220000,0.207291648047784,1.022973935283744,1.0290809307389164,1.006669972447682,0.98840491094897,True,True,True,False
2018-11-28,1.022973935283744,3951670000,0.2087101983094918,0.9978168883187124,1.016976517882199,0.9825642633000333,0.9660141628914747,False,True,False,False
2018-11-29,0.9978168883187124,3560770000,0.20874844299772388,1.0081707940682298,0.986215209292132,0.9617503104682587,0.9496493534955069,True,False,False,False
2018-11-30,1.0081707940682298,4658580000,0.20618511080982796,1.0109413550614634,0.9767333171507548,0.9556367904875421,0.9223852154033989,True,False,False,False
2018-12-03,1.0109413550614634,4186060000,0.20861153191783796,0.9676351164899278,0.9436311313553397,0.9449571203818846,0.9124811404939125,False,False,False,False
2018-12-04,0.9676351164899278,4499840000,0.22892195441788615,0.9984778116041864,0.976911624186129,0.981855958756472,0.9284830707465758,False,False,False,False
2018-12-06,0.9984778116041864,5141470000,0.2284667687817697,0.9766798345666649,0.9780522635805562,0.9831562158051895,0.9152321074203899,False,False,False,False
2018-12-07,0.9766798345666649,4216690000,0.2206515032779249,1.001762194844061,1.006832302854452,0.9874177769000564,0.9177920913910705,True,True,False,False
2018-12-10,1.001762194844061,4151030000,0.2134473522586262,0.9996436316212488,1.004860258101694,0.9652047980831933,0.8913379737045631,False,True,False,False
2018-12-11,0.9996436316212488,3905870000,0.20758671839336587,1.0054194889220944,0.9860322059481641,0.9656323242743039,0.9358763340134556,True,False,False,False
2018-12-12,1.0054194889220944,3958890000,0.207297218035243,0.9998000807221236,0.9603443138053691,0.9456408167268309,0.9388020685987166,False,False,False,False
2018-12-13,0.9998000807221236,3927720000,0.20204860133900468,0.9809133233227946,0.9606193454918617,0.9309121914779628,0.9378239905830507,False,False,False,False
2018-12-14,0.9809133233227946,4035020000,0.20624919269027656,0.979226523586992,0.9642339275755301,0.9294871055212598,0.9641916190695974,False,False,False,False
2018-12-17,0.979226523586992,4616350000,0.2105154575861716,1.000086412091408,0.9691587390119168,0.9234703095909564,0.9858951899887665,True,False,False,False
2018-12-18,1.000086412091408,4470880000,0.2102887842941326,0.9846042668174821,0.9491233858045057,0.9691849687372358,0.9614046250039279,False,False,False,False
2018-12-19,0.9846042668174821,5127940000,0.2123578474619867,0.9842279094999522,0.9378290838306157,0.9927681335162907,1.009964259501548,False,False,False,True
2018-12-20,0.9842279094999522,5585780000,0.21373995078302865,0.9794116931855946,1.0001134788564572,1.0074247594653523,1.033342519716951,False,True,True,True
2018-12-21,0.9794116931855946,7609010000,0.2057882717290692,0.9728877523152172,1.0298805770042456,1.0373372727197492,1.065293674636476,False,True,True,True
2018-12-24,0.9728877523152172,2613930000,0.215354282568444,1.049593807154098,1.0572668112798262,1.067598145548892,1.0994683339713325,True,True,True,True
2018-12-26,1.049593807154098,4233990000,0.2682138337667777,1.0085626291688616,1.0158649754832436,0.9919722818819144,1.0522510840053494,True,True,False,True
2018-12-27,1.0085626291688616,4096610000,0.2661903634051317,0.9987584527669628,1.0085180586862104,1.017321391979364,1.0431648605971489,False,True,True,True
2018-12-28,0.9987584527669628,3702620000,0.26620237767877314,1.0084924408827955,0.9847731460249265,1.0257267453555081,1.0389702865142778,True,False,True,True
2018-12-31,1.0084924408827955,3442870000,0.2678141446322449,1.0012685242435728,1.010008576500389,1.0269501565709955,1.0412669286155936,True,True,True,True
2019-01-02,1.0012685242435728,3733160000,0.2652480722329641,0.9752433237849746,1.0158006079608608,1.0298522328418385,1.0422584590622426,False,True,True,True
2019-01-03,0.9752433237849746,3822860000,0.27235863544882605,1.034335693188828,1.0516853289976265,1.0607666194150884,1.0768294326950971,True,True,True,True
2019-01-04,1.034335693188828,4213410000,0.2905537828227537,1.007010434686446,1.0209404646239644,1.0254034455792795,1.054807775855668,True,True,True,True
2019-01-07,1.007010434686446,4104710000,0.2874327060535965,1.0096952962909216,1.018414003270986,1.0129113735395285,1.0326353399825074,True,True,True,True
2019-01-08,1.0096952962909216,4083030000,0.28889386964888497,1.0040980263439003,1.0084873815748079,1.0139410583395811,1.0249727121942507,True,True,True,True
2019-01-09,1.0040980263439003,4052480000,0.28870092522028545,1.0045184451596931,0.999090895023521,1.012046608071305,1.0221937670215397,True,False,True,True
2019-01-10,1.0045184451596931,3704500000,0.2851458126745057,0.9998536570337052,1.0052606445252326,1.0151426458808306,1.0262339022737075,False,True,True,True
2019-01-11,0.9998536570337052,3434490000,0.28489326770548884,0.9947424371981234,1.0076417616109326,1.0286758645127991,1.0183302134609014,False,True,True,True
2019-01-14,0.9947424371981234,3664450000,0.27591839113771416,1.010721711756711,1.0206573969743786,1.019472549087938,1.0222217059486327,True,True,True,True
2019-01-15,1.010721711756711,3572330000,0.2783159841087929,1.0022219668237369,1.0231429337624027,1.010879975481745,1.0271041642723056,True,True,True,True
2019-01-16,1.0022219668237369,3863770000,0.27706202543739195,1.0075914529261114,1.0064217728680096,1.0100263751385647,1.03363785788005,True,True,True,True
2019-01-17,1.0075914529261114,3772270000,0.2759079957365297,1.0131830528536092,1.0010394694911908,1.0109258107103294,1.026772029924581,True,True,True,True
2019-01-18,1.0131830528536092,3986730000,0.2632829444952399,0.9858427159818924,0.9893736122604099,0.989942749306364,1.0202792515847843,False,False,False,True
2019-01-22,0.9858427159818924,3908030000,0.2663497460254584,1.002202894147138,1.012100725435831,1.0026966462835651,1.0398040183827708,True,True,True,True
2019-01-23,1.002202894147138,3335610000,0.2576039857086376,1.0013756774169098,1.0019517186493347,1.016049569863948,1.0352105203319812,True,True,True,True
2019-01-24,1.0013756774169098,3433250000,0.2575860179047407,1.0084887201825663,0.9991182024955246,1.0233770952152077,1.0241150802511418,True,False,True,True
2019-01-25,1.0084887201825663,3814080000,0.2586978914088304,0.9921531394947386,1.00611312088143,1.0156749575946797,1.0161815698224221,False,True,True,True
2019-01-28,0.9921531394947386,3612810000,0.2593529529688999,0.998543790305804,1.0227887361234562,1.0306447037464301,1.0249446829434345,False,True,True,True
2019-01-29,0.998543790305804,3504200000,0.2593884851024151,1.0155492424242425,1.0252007575757576,1.0370075757575754,1.0396704545454538,True,True,True,True
2019-01-30,1.0155492424242425,3867810000,0.2566575769069306,1.0085973778929895,1.0163443427015533,1.0188582831353385,1.0268476902706025,True,True,True,True
2019-01-31,1.0085973778929895,4917650000,0.24885487486033994,1.0008986354054954,1.0124255759772196,1.0007211271772491,1.0153951407122517,True,True,True,True
2019-02-01,1.0008986354054954,3759270000,0.2488080799938796,1.006776204217208,1.0092664777408709,1.0004987936583,1.0255197614657876,True,True,True,True
2019-02-04,1.006776204217208,3359840000,0.2434577118547935,1.0047084815055396,0.9930932484852487,0.9944694609284112,1.0201440802680493,True,False,False,True
2019-02-05,1.0047084815055396,3560430000,0.2369615434501968,0.9977755049859371,0.989107645103554,1.0025678489242793,1.0171676955108298,False,False,True,True
2019-02-06,0.9977755049859371,3472690000,0.22643088695782684,0.9906428809383476,0.9920156977020878,1.007841529354483,1.0158404750312084,False,False,True,True
2019-02-07,0.9906428809383476,4099490000,0.2103808331212338,1.000676262448957,1.0142938970085549,1.0146634393303895,1.0320097559172967,True,True,True,True
2019-02-08,1.000676262448957,3622330000,0.1620598493553712,1.0007090417596054,1.0166735601282182,1.025008493729412,1.0325826846093622,True,True,True,True
2019-02-11,1.0007090417596054,3361970000,0.16137800304422892,1.0128902502029669,1.0132592811277583,1.025817403498413,1.031035500774965,True,True,True,True
2019-02-12,1.0128902502029669,3827770000,0.1634193793320366,1.0030239768574687,1.0112470079024167,1.014562452408798,1.0173605418383596,True,True,True,True
2019-02-13,1.0030239768574687,3670770000,0.16269398710553393,0.9973483761528208,1.009709302114398,1.0079367097343657,1.0114274090729127,False,True,True,True
2019-02-14,0.9973483761528208,3836700000,0.16348856180680224,1.0108787098512964,1.014192946866589,1.017095635768994,1.0211091403743267,True,True,True,True
2019-02-15,1.0108787098512964,3641370000,0.14204224675474802,1.0014987750396311,0.9997405966277563,1.0073893932843352,1.0062004611615512,True,False,True,True
2019-02-19,1.0014987750396311,3533710000,0.10979769680990288,1.0017771318387196,1.0046442858376263,1.0050867700808706,1.003557861110312,True,True,True,True
2019-02-20,1.0017771318387196,3835450000,0.10924111029638896,0.9964735878191548,1.00409738930585,1.0027579272453049,0.9952418572916293,False,True,True,False
2019-02-21,0.9964735878191548,3559710000,0.1088843321610054,1.0064110880470507,1.0068543504583984,1.0034632128236178,0.9906482442484003,True,True,True,False
2019-02-22,1.0064110880470507,3427810000,0.10937988123878607,1.0012317960947767,0.9998961567245684,1.003946044466407,0.9822392190985689,True,False,True,False
2019-02-25,1.0012317960947767,3804380000,0.10929436352826688,0.9992096162168156,0.9958442264431657,0.9988197889210367,0.9954186351752969,False,False,False,False
2019-02-26,0.9992096162168156,3645680000,0.10944534574406642,0.9994559576219622,1.0035040624217044,0.9984788288771967,0.99914814417123,False,True,False,False
2019-02-27,0.9994559576219622,3767130000,0.10738604597035288,0.9971744533337152,1.0001539905027252,0.9925046018092092,1.0066394974895965,False,True,False,True
2019-02-28,0.9971744533337152,4396930000,0.10567848174442908,1.0068953381050032,1.0018531221157196,0.9872292592180254,1.008615581309324,True,True,False,True
2019-03-01,1.0068953381050032,3972280000,0.10656008164826856,0.9961193997909896,0.9885008684983002,0.9783784940560474,1.0067018821624358,False,False,False,True
2019-03-04,0.9961193997909896,3919810000,0.10682746821088827,0.99886852310039,0.9842882258370601,0.9965948274318697,1.014369040500428,False,False,False,True
2019-03-05,0.99886852310039,3585690000,0.10168035806505676,0.9934758840714784,0.9833025648378828,1.0006703349882602,1.0153854426182498,False,False,True,True
2019-03-06,0.9934758840714784,3786600000,0.09356702970442403,0.9918742896317811,1.0042757401360298,1.0142416424615273,1.0190441826480725,False,True,True,True
2019-03-07,0.9918742896317811,3904860000,0.09780388894676796,0.997868261469008,1.0154933010298552,1.0216629743209173,1.0385422691738242,False,True,True,True
2019-03-08,0.997868261469008,3423130000,0.09833314895459856,1.0146660493534616,1.0247350596229772,1.028949315912463,1.0210129526406542,True,True,True,True
2019-03-11,1.0146660493534616,3749030000,0.10375600845127804,1.0029533287823806,1.0090468149319152,1.0178349441310675,1.0054108432436317,True,True,True,True
2019-03-12,1.0029533287823806,3414230000,0.09997947665865499,1.0069496188456468,1.011090731930991,1.0147052501862786,1.0096506562732848,True,True,True,True
2019-03-13,1.0069496188456468,3766150000,0.10054350667923977,0.9991319567970628,1.0078337341510963,1.0047351045209396,0.998025557468729,False,True,True,False
2019-03-14,0.9991319567970628,3469730000,0.09240816292433532,1.004984902865607,1.0085775935737482,1.0165213923545835,1.0024782088531876,True,True,True,True
2019-03-15,1.004984902865607,5962730000,0.0905947120664132,1.0037059607153993,1.000620022108217,0.992286924973782,1.0042232363028263,True,True,False,True
2019-03-18,1.0037059607153993,3552190000,0.09081271326877197,0.9998693936334692,1.0077446045451017,0.9877935995820597,1.0120899136586026,False,True,False,True
2019-03-19,0.9998693936334692,3620220000,0.0895486136448709,0.9970556773530752,0.9887522638452007,0.9950186579678525,1.0122397681257658,False,False,False,True
2019-03-20,0.9970556773530752,3771200000,0.08977013460260268,1.0108525155529118,0.9908399811630072,0.9933220736271479,1.0174100551300709,True,False,False,True
2019-03-21,1.0108525155529118,3546800000,0.0935426436335589,0.9810254721739616,0.9872428963739279,0.9861850585663846,1.0085852995572493,False,False,False,True
2019-03-22,0.9810254721739616,4237200000,0.106489718425801,0.9991609270506407,1.0016638638059634,1.0120290926229423,1.0328595249061845,False,True,True,True
2019-03-25,0.9991609270506407,3376580000,0.10664104460723507,1.0071827784845409,1.006103574951043,1.0245965494075104,1.034809674237768,True,True,True,True
2019-03-26,1.0071827784845409,3266050000,0.10806635807905714,0.9953556197356004,1.0056555707726917,1.0173073238577095,1.0211959722685438,False,True,True,True
2019-03-27,0.9953556197356004,3372930000,0.1036306856163896,1.0035895443381802,1.0220363089360767,1.024249920687824,1.029529081725405,True,True,True,True
2019-03-28,1.0035895443381802,3158170000,0.10375145277217376,1.0067342937515984,1.0183985451652315,1.0227140340408603,1.0258858295683797,True,True,True,True
2019-03-29,1.0067342937515984,3740700000,0.10462565271778987,1.0115685859441153,1.0137595258255714,1.0205828394016367,1.025758537962178,True,True,True,True
2019-04-01,1.0115685859441153,3500760000,0.10520453890043424,1.0000174386768923,1.0042550371618202,1.009967947711871,1.0133894161182198,True,True,True,True
2019-04-02,1.0000174386768923,3246900000,0.10524383547135792,1.0021484075277969,1.0088935701231845,1.0038224913156901,1.0138879200903996,True,True,True,True
2019-04-03,1.0021484075277969,3550240000,0.10527148073759368,1.0020846384074615,1.0077852021994849,1.0051541727570124,1.009413934711491,True,True,True,True
2019-04-04,1.0020846384074615,3015180000,0.1043964324162031,1.004636398681665,0.9995867180201359,1.003101351327885,1.0089046638350476,True,False,True,True
2019-04-05,1.004636398681665,3146820000,0.10375940160322024,1.0010474498226596,0.9984340106611723,1.005071316468123,1.005264904554159,True,False,True,True
2019-04-08,1.0010474498226596,3054030000,0.1037602075833822,0.9939325291718608,0.997427281862855,1.003387699989985,1.0130915093394846,False,False,True,True
2019-04-09,0.9939325291718608,3007980000,0.105743141885526,1.0034778681120144,1.0101487040511428,1.0100271002710024,1.0170419011882426,True,True,True,True
2019-04-10,1.0034778681120144,3062380000,0.10587098063881507,1.0000380858732572,1.0060141056225131,1.0042379189878845,1.0131430886258268,True,True,True,True
2019-04-11,1.0000380858732572,2938540000,0.1052608494597992,1.0066093784622199,1.0064882007533789,1.0057853700421002,1.0178512076224242,True,True,True,True
2019-04-12,1.0066093784622199,3688490000,0.10513058219257733,0.9993705738096794,0.9976061167843542,1.0001926112932127,1.0122514540432894,False,False,True,True
2019-04-15,0.9993705738096794,3088330000,0.10417438708451952,1.00050936473957,0.9998107090494839,1.00967104674454,1.0138526559241186,True,False,True,True
2019-04-16,1.00050936473957,3402210000,0.10394424394265747,0.9977262251209124,1.0003130310347912,1.0069451610905866,1.0057343157691965,False,True,True,True
2019-04-17,0.9977262251209124,3602300000,0.10183869115995944,1.0015790653174508,1.0114568429036876,1.0088675895119725,1.0058852936613285,True,True,True,True
2019-04-18,1.0015790653174508,3506850000,0.09763411204726337,1.0010120377414349,1.007648802249891,1.0119964337717686,1.0139792015917222,True,True,True,True
2019-04-22,1.0010120377414349,2997950000,0.09693959810815696,1.0088412191322471,1.0062586615405251,1.0120565205280663,1.0084251213045525,True,True,True,True
2019-04-23,1.0088412191322471,3635030000,0.09163311442108617,0.9978082135747594,1.0021133865997656,1.0041415559979274,0.9830826811376835,False,True,True,False
2019-04-24,0.9978082135747594,3448960000,0.09226773788581646,0.999631053036126,1.0053907250832692,0.998797506191818,0.9836604321462117,False,True,False,False
2019-04-25,0.999631053036126,3425280000,0.0910101674357045,1.0046853053650335,1.0067186800493477,0.9970439174757446,0.9810503149167679,True,True,False,False
2019-04-26,1.0046853053650335,3248500000,0.09125365537444996,1.001071472304992,0.9945065784998026,1.0019592636434138,0.9801080316203378,True,False,True,False
2019-04-29,1.001071472304992,3118780000,0.09067342860481874,1.0009514004274505,0.9913320625341907,0.996411861245043,0.9554336856912767,True,False,False,False
2019-04-30,1.0009514004274505,3919330000,0.09041867801608397,0.9924978698702912,0.9999355020486586,0.979027981926995,0.9621770434818028,False,False,False,False
2019-05-01,0.9924978698702912,3645850000,0.09390267555329787,0.9978760008619126,1.0029893321202707,0.9848447018021498,0.9751105608246995,False,True,False,False
2019-05-02,0.9978760008619126,3778890000,0.09362737890770023,1.0096383229592256,0.988527927829115,0.9839589788587565,0.9858784172859139,True,False,False,False
2019-05-03,1.0096383229592256,3338120000,0.09258881821477052,0.995528985212042,0.9775193166849986,0.9781914965847827,0.9707669640553491,False,False,False,False
2019-05-06,0.995528985212042,3181520000,0.07273003216691701,0.9834883221311728,0.9789426660801304,0.958874259583218,0.9685452877608295,False,False,False,False
2019-05-07,0.9834883221311728,3767100000,0.08945374285149035,0.9983946186785942,0.9990811532393681,0.9827880931329205,0.9931727952011925,False,False,False,False
2019-05-08,0.9983946186785942,3485790000,0.08780467031567826,0.996978558181856,0.9765404143890086,0.990116065040876,0.9919601864264327,False,False,False,False
2019-05-09,0.996978558181856,3638820000,0.08706459967180001,1.0037203210344443,0.9873516051722215,1.0019507301304202,0.983112250585219,True,False,True,False
2019-05-10,1.0037203210344443,3529600000,0.08710205615675481,0.9758693690567084,0.9894356909835496,0.9924099396126881,0.9807940584438117,False,False,False,False
2019-05-13,0.9758693690567084,3894030000,0.11134932691053676,1.0080160178102118,1.0229206897900687,1.0100858147780658,0.9966285781348354,True,True,True,False
2019-05-14,1.0080160178102118,3322720000,0.10851490849659133,1.0058389576666749,1.0088625145973942,1.0105665729375777,0.9818692426289771,True,True,True,False
2019-05-15,1.0058389576666749,3125950000,0.10999270217661232,1.0088952493195276,0.996236355473244,1.0018625305160365,0.9782178634565198,True,False,True,False
2019-05-16,1.0088952493195276,3338060000,0.11292557359962675,0.9941626800912275,0.99584190910608,0.9811981976970573,0.9567989653446068,False,False,False,False
2019-05-17,0.9941626800912275,3257950000,0.11401926113770153,0.9932506390910394,0.9988599525096781,0.9882952792941498,0.9597556241760008,False,False,False,False
2019-05-20,0.9932506390910394,3288870000,0.11459152604226315,1.008495790833841,0.9936660059220557,0.9866771353024226,0.9869869693651565,True,False,False,False
2019-05-21,1.008495790833841,3218700000,0.11750982633902955,0.9971756343476378,0.98662877571255,0.9716027315002302,0.9866601963440341,False,False,False,False
2019-05-22,0.9971756343476378,3192510000,0.1165071318442952,0.9880858602303004,0.9811362371204403,0.9763992899830899,0.9955256330809058,False,False,False,False
2019-05-23,0.9880858602303004,3891980000,0.12071648127779824,1.0013535347808833,0.9861032371449628,0.9751332275072283,1.0181061851578885,True,False,False,True
2019-05-24,1.0013535347808833,2887390000,0.12085045818917678,0.991624381647948,0.9868367975202225,0.9711223399361654,1.0214680509260237,False,False,False,True
2019-05-28,0.991624381647948,4121410000,0.1207808736640234,0.9930880427064042,0.9820403298612969,1.0003140176777676,1.029735333054999,False,False,True,True
2019-05-29,0.9930880427064042,3700050000,0.12189155343640301,1.0020984398243635,0.98614095479012,1.015497553017944,1.0347895451703546,True,False,True,True
2019-05-30,1.0020984398243635,3273790000,0.12219526294386512,0.9868046441915334,1.005166985793478,1.0195886491254487,1.0368537682063634,False,True,True,True
2019-05-31,0.9868046441915334,3981020000,0.12691826839407053,0.9972347986599128,1.026921651417483,1.0440688066393897,1.0490250939296375,False,True,True,True
2019-06-03,0.9972347986599128,3966700000,0.12656165522902116,1.0214323452786531,1.0360873763413432,1.0518428100347974,1.052914062926998,True,True,True,True
2019-06-04,1.0214323452786531,3810430000,0.14332059478336825,1.0081618966421355,1.024995808466541,1.02941207946434,1.0408380213108266,True,True,True,True
2019-06-05,1.0081618966421355,3548830000,0.14292072226402264,1.0061355554376097,1.0214355218229751,1.018997576207916,1.0354935159138765,True,True,True,True
2019-06-06,1.0061355554376097,3396410000,0.14445059516245345,1.0104976630830425,1.014851467738589,1.0169334163299326,1.0389275151310537,True,True,True,True
2019-06-07,1.0104976630830425,3220250000,0.14820016480211173,1.0046600819951694,1.0022621757258106,1.0047470887538543,1.0268398449191531,True,True,True,True
2019-06-10,1.0046600819951694,3209210000,0.148192417760884,0.999650123149723,1.0017008864701582,1.0010184534057567,1.0203067138249855,False,True,True,True
2019-06-11,0.999650123149723,3548420000,0.1481131993717483,0.9979623802725144,1.000436632798747,1.0110994829713211,1.010971265403435,False,True,True,True
2019-06-12,0.9979623802725144,3034130000,0.14809218289004394,1.0040974498583253,1.003413384076893,1.0161883993555199,1.0117853769653868,True,True,True,True
2019-06-13,1.0040974498583253,3069810000,0.1472848603765135,0.9983884577609938,1.0090294780816425,1.021627865156105,1.0115090398528168,False,True,True,True
2019-06-14,0.9983884577609938,2922330000,0.14723798348964184,1.00093176953079,1.013675189990925,1.0219883753957424,1.0189748456864962,True,True,True,True
2019-06-17,1.00093176953079,2810140000,0.1442588139098215,1.0097173725719546,1.0223243484550135,1.0192686362110552,1.0258368602643209,True,True,True,True
2019-06-18,1.0097173725719546,3437620000,0.146788606169686,1.0029851769342817,1.0112106931711078,0.9998731899580157,1.0189392511352926,True,True,False,True
2019-06-19,1.0029851769342817,3287890000,0.13852044146912784,1.0094721950752783,1.006454897726263,0.99566712000164,1.0237009902749394,True,True,False,True
2019-06-20,1.0094721950752783,3905940000,0.14074383733402515,0.998740767319527,0.9875430745587611,0.9900953902605799,1.0122639784982632,False,False,False,True
2019-06-21,0.998740767319527,5000120000,0.14041023482143658,0.9982680666743492,0.9875680402377935,0.9970513072537842,1.0086393308162114,False,False,False,True
2019-06-24,0.9982680666743492,3136250000,0.14036518843440507,0.990503675284771,0.9930636426910212,1.0064440558846994,1.0116386847064014,False,False,True,True
2019-06-25,0.990503675284771,3578050000,0.12315970662910937,0.9987660160829236,1.0083568133050886,1.0190684792519313,1.0259445118565287,False,True,True,True
2019-06-26,0.9987660160829236,3478130000,0.12165760686730845,1.0038232124594169,1.0173485987274262,1.0281558662630672,1.0295595412145047,True,True,True,True
2019-06-27,1.0038232124594169,3122920000,0.12109256549713468,1.0057574224252288,1.016441475322402,1.022390355975548,1.0303768991972428,True,True,True,True
2019-06-28,1.0057574224252288,5420700000,0.11962079203108585,1.0076722778200804,1.018376754051996,1.011622294136843,1.0246587077123899,True,True,True,True
2019-07-01,1.0076722778200804,3513270000,0.11953713249035255,1.0029281490252435,1.0087979408500403,1.0051613686735281,1.0133959444461311,True,True,True,True
2019-07-02,1.0029281490252435,3206840000,0.1171927711989742,1.0076723589897107,1.000988896774649,1.0067473705100218,1.0038378612920913,True,True,True,True
2019-07-03,1.0076723589897107,1963720000,0.11679233053718495,0.998194150516386,0.9945958034861907,1.001365235561549,0.9997630031176772,False,False,True,False
2019-07-05,0.998194150516386,2434210000,0.11649982566450084,0.995164542654686,1.000889510134062,1.007811637869055,0.9953852481766715,False,True,True,False
2019-07-08,0.995164542654686,2904550000,0.11106694672737699,1.0012365799156573,1.0080512105378117,1.0128866412406126,1.003051126531024,True,True,True,True
2019-07-09,1.0012365799156573,3028210000,0.1110714841994405,1.0045106271584057,1.0114577984514856,1.0081922923315982,1.0086722176914584,True,True,True,True
2019-07-10,1.0045106271584057,3154240000,0.10702958384244862,1.0022852789944772,1.0070930516158996,0.9971099907452884,1.0088504445268571,True,True,False,True
2019-07-11,1.0022852789944772,3154620000,0.10347196238475924,1.0046201386041582,1.0013767079679057,0.9983999519985601,1.0012533709344618,True,True,False,True
2019-07-12,1.0046201386041582,2974960000,0.10363958250600933,1.0001758594716916,0.9902613669921726,0.987669928362151,1.0040115868165127,True,False,False,True
2019-07-15,1.0001758594716916,2874970000,0.09257590512871694,0.9965962246624422,0.9936336794612348,0.9902896194804763,1.0022127857213947,False,False,False,True
2019-07-16,0.9965962246624422,3290650000,0.09294253414041588,0.993468795355588,0.9908689631296521,1.0004760256188334,1.0030425693399558,False,False,True,True
2019-07-17,0.993468795355588,3181600000,0.0791531539453892,1.0035819355184592,1.0002043948237849,1.011774482143934,0.9986463031342776,True,True,True,False
2019-07-18,1.0035819355184592,3296580000,0.07719476562771374,0.9938232652557,1.0034589714568078,1.0028579918600653,0.9861273876418564,False,True,True,False
2019-07-19,0.9938232652557,3260360000,0.07960234113206162,1.0028287212634508,1.0144291660647515,1.016545667722678,0.9850299501782234,True,True,True,False
2019-07-22,1.0028287212634508,3003720000,0.07507636358374381,1.0068475023701604,1.006244493355176,1.0120400799991964,0.9530021473821041,True,True,True,False
2019-07-23,1.0068475023701604,3313660000,0.07619084066820342,1.0046881186636367,1.0067842966324738,1.0025653225618625,0.9588417119452205,True,True,True,False
2019-07-24,1.0046881186636367,3428980000,0.0766088404227704,0.9947376438951372,1.0004669554504633,0.9870245996105398,0.955099418458319,False,True,False,False
2019-07-25,0.9947376438951372,3645270000,0.07845922648530511,1.0073876291336932,1.003166126771583,0.9833170754443735,0.9781667093921776,True,True,False,False
2019-07-26,1.0073876291336932,3257590000,0.08000064704619436,0.9983839305189268,0.9849695623723506,0.9689972437587995,0.96456875070228,False,False,False,False
2019-07-29,0.9983839305189268,3203710000,0.08000219088853104,0.9974213580406294,0.9776859750345089,0.9416644322849949,0.9542299327699384,False,False,False,False
2019-07-30,0.9974213580406294,3634330000,0.08087085527594191,0.9891144903391104,0.9730749573540249,0.9563882675445878,0.9711733119163148,False,False,False,False
2019-07-31,0.9891144903391104,4623430000,0.08444321910449414,0.9910011475046806,0.9544890248894438,0.9676551312248776,0.9530999402760724,False,False,False,False
2019-08-01,0.9910011475046806,4762300000,0.08868850790836509,0.992717263234876,0.9756937390809736,0.9947622530099273,0.9641246495754274,False,False,False,False
2019-08-02,0.992717263234876,3874660000,0.08694506369447097,0.970222199485002,0.9836053273307073,0.9954298187275116,0.9852083013591172,False,False,False,False
2019-08-05,0.970222199485002,4513730000,0.12205874856788927,1.0130170068266344,1.0328149496966332,1.0133439259826909,1.027738914628402,True,True,True,True
2019-08-06,1.0130170068266344,4154240000,0.12878604877259764,1.0007668897934257,1.0127976903083868,1.0154592490032168,1.0065029478410836,True,True,True,True
2019-08-07,1.0007668897934257,4491750000,0.12609834265767272,1.018762266035132,0.9995561689054708,0.9849582868119751,1.014025756073204,True,False,False,True
2019-08-08,1.018762266035132,4106370000,0.13767121397000426,0.9933834565993552,0.9959939960995067,0.9692010796129453,0.9948469924338595,False,False,False,False
2019-08-09,0.9933834565993552,3350640000,0.13867981558227854,0.9876826615044626,0.9732581844345846,0.9897315539718704,0.9754886677059599,False,False,False,False
2019-08-12,0.9876826615044626,2851630000,0.14197524690948074,1.015131647413883,0.9878239150796128,1.0142054324071184,0.9985014049328755,True,False,True,False
2019-08-13,1.015131647413883,3853600000,0.14731448831778488,0.9707072363924656,0.9871374285792391,0.9911800486618004,0.98046693457995,False,False,False,False
2019-08-14,0.9707072363924656,4312530000,0.16901245730177922,1.0024642681123703,1.0292367809617686,1.0295113708371468,1.016665493205661,True,True,True,True
2019-08-15,1.0024642681123703,4038000000,0.1672311221853557,1.0144261834527322,1.018580559067285,1.0264608793369854,1.0270332911925835,True,True,True,True
2019-08-16,1.0144261834527322,3498150000,0.17358435836589234,1.01210587534791,1.0123758948723982,0.9856093440602627,1.0130786379938246,True,True,False,True
2019-08-19,1.01210587534791,3212880000,0.17731626351558302,0.9920852359208524,0.9997605732560323,0.9845159304294288,0.9940553759854975,False,False,False,False
2019-08-20,0.9920852359208524,3066300000,0.17850363794729088,1.0082468255582635,0.9815894446149123,0.9891915559677434,1.012849464404536,True,False,False,True
2019-08-21,1.0082468255582635,3011190000,0.17979967241997402,0.9994939184730016,0.9842533416768398,0.9875223547836675,1.0176342056400738,False,False,False,True
2019-08-22,0.9994939184730016,2890880000,0.1795773790210883,0.9740536102225492,0.9815973588326863,1.000557655792949,1.0190766178005097,False,False,True,True
2019-08-23,0.9740536102225492,3937300000,0.1929118815032656,1.0109830670399107,1.0143408579225952,1.0278703667929938,1.0461239643006417,True,True,True,True
2019-08-26,1.0109830670399107,2857600000,0.19639609258876525,0.9967968093163516,1.016050695182707,1.0096894781092145,1.035092656285827,False,True,True,True
2019-08-27,0.9967968093163516,3533630000,0.19637972195877967,1.0065454697542138,1.0199710019657326,1.023916407589678,1.045926333839869,True,True,True,True
2019-08-28,1.0065454697542138,3097420000,0.1970987013202022,1.012687244194824,1.0063470847732296,1.030492323247713,1.0421165259666056,True,True,True,True
2019-08-29,1.012687244194824,3176190000,0.20068009927048466,1.0006428273461492,1.0045134686006199,1.0185086405569348,1.028315176880099,True,True,True,True
2019-08-30,1.0006428273461492,3008450000,0.20003995034245764,0.9931008795609712,1.016928302454159,1.0177586572172517,1.024432249202107,False,True,True,True
2019-09-03,0.9931008795609712,3426790000,0.20062400387545787,1.010842075925499,1.024925419868078,1.0251593967525376,1.034212237679224,True,True,True,True
2019-09-04,1.010842075925499,3163260000,0.2022766754239004,1.0130098237444598,1.0138369789432833,1.021495823376835,1.023470103275262,True,True,True,True
2019-09-05,1.0130098237444598,3890700000,0.20560625097350155,1.00091061827957,1.0011391129032254,1.0112802419354836,1.0103461021505373,True,True,True,True
2019-09-06,1.00091061827957,3208280000,0.2051162032546396,0.9999059995769979,1.0074596049967934,1.009628329041766,1.0044851630403766,False,True,True,True
2019-09-09,0.9999059995769979,4002890000,0.2038545223924834,1.0003223174625555,1.0104551726916529,1.006557145878869,1.0044822272136662,True,True,True,True
2019-09-10,1.0003223174625555,4390770000,0.20383527553410846,1.0072296678179091,1.0093978968849329,1.0088306666800921,0.9957071749586326,True,True,True,False
2019-09-11,1.0072296678179091,3927550000,0.20489612094533066,1.0028791074766823,0.9990103068048906,1.001932734185736,0.9946483256857043,True,False,True,False
2019-09-12,1.0028791074766823,3791860000,0.2024425410524908,0.9992756440288812,0.9987141020145734,0.9990762800001332,0.9893838654691536,False,False,False,False
2019-09-13,0.9992756440288812,3520060000,0.20051412126159515,0.9968643907175324,0.9997805406016513,0.9949058818443901,0.9848373506595421,False,False,False,False
2019-09-16,0.9968643907175324,4274640000,0.19944041263295909,1.0025817555938037,1.0029453361619236,0.9979385982468081,0.9929218535270654,True,True,False,False
2019-09-17,1.0025817555938037,3671840000,0.1771036143629256,1.0003426822370831,0.9954652826296707,0.9869913830388929,0.9782247063911907,True,False,False,False
2019-09-18,1.0003426822370831,3435540000,0.17397011257767936,1.000019955233759,0.9950278209217324,0.9927296431671616,0.9603822092439298,True,False,False,False
2019-09-19,1.000019955233759,3251290000,0.1740099715329979,0.9951044136770444,0.9866335859837233,0.9902986241140884,0.9680190502163443,False,False,False,False
2019-09-20,0.9951044136770444,6094740000,0.16692097425635105,0.9999030771338906,0.9975936391862489,0.9898799159110583,0.9866112758057136,False,False,False,False
2019-09-23,0.9999030771338906,3186590000,0.16551459382901482,0.9915836057464116,0.9952670316667668,0.9949728923918202,0.9822881361597448,False,False,False,False
2019-09-24,0.9915836057464116,3868160000,0.16318182255140967,1.0061585653610194,0.9983786152497812,0.9911177779275943,0.9752106788916612,True,False,False,False
2019-09-25,1.0061585653610194,3318870000,0.15843657941854514,0.9975710834977738,0.9972762632878486,0.9674156663439284,0.9780660464274833,False,False,False,False
2019-09-26,0.9975710834977738,3077240000,0.1309848081511477,0.9946836735379264,0.9874497081561788,0.9775021661595508,0.9867377301334632,False,False,False,False
2019-09-27,0.9946836735379264,3243650000,0.13247371900640012,1.0050476232278454,0.9749543350473873,0.9966979427981056,1.0028631334429523,True,False,False,True
2019-09-30,1.0050476232278454,3247610000,0.1271063451131127,0.987741623386658,0.9777911406437918,0.9872511539469356,0.9964424168721493,False,False,False,False
2019-10-01,0.987741623386658,3558040000,0.12827159282927073,0.9820967604795512,1.0039996598928664,0.9839503443584733,1.0188521384236038,False,True,False,True
2019-10-02,0.9820967604795512,3912520000,0.1367621356688327,1.0079719906774114,1.0177240001246708,1.0110091044150702,1.0353510342463146,True,True,True,True
2019-10-03,1.0079719906774114,3503640000,0.1366184044547637,1.0142168533960003,0.9939635061825106,1.009448126350653,1.0300003779250546,True,False,True,True
2019-10-04,1.0142168533960003,2990830000,0.1427832221428774,0.9955216953872108,0.9889532894536268,1.0061856159023854,1.0115819390855723,False,False,True,True
2019-10-07,0.9955216953872108,2940140000,0.12016698374895668,0.9844391739457397,0.999775417773982,1.0093099540967545,1.0231149554748726,False,False,True,True
2019-10-08,0.9844391739457397,3356450000,0.12566743891485302,1.0091045467428952,1.0266880050880383,1.0354710928912638,1.035578245871154,True,True,True,True
2019-10-09,1.0091045467428952,2726820000,0.12781555696936436,1.0064157018565458,1.0160135644310475,1.0240768651092693,1.0291566760293214,True,True,True,True
2019-10-10,1.0064157018565458,3217250000,0.12776373631775909,1.0109389305442578,1.019587288513442,1.020359888772791,1.0245598390813206,True,True,True,True
2019-10-11,1.0109389305442578,3580460000,0.12642057068322682,0.9986129207109118,1.0065381261636148,1.0053631488046542,1.0176010935032846,False,True,True,True
2019-10-14,0.9986129207109118,2557020000,0.1265441128635531,1.0099556664362894,1.010720968258517,1.0136776629637745,1.0247020548522499,True,True,True,True
2019-10-15,1.0099556664362894,3340740000,0.1274292698942426,0.9980004539870748,0.9968354430379747,1.0001034823479145,1.0137564759920954,False,False,True,True
2019-10-16,0.9980004539870748,3222570000,0.12424255816371695,1.0027628282530965,1.0056962427542653,1.0049603805076779,1.0190922804705502,True,True,True,True
2019-10-17,1.0027628282530965,3115960000,0.1187882333232834,0.996080655114328,0.9993462199169432,1.0041161460331225,1.0132123617805502,False,False,True,True
2019-10-18,0.996080655114328,3264290000,0.11938595781651462,1.006871609403255,1.0061348871475455,1.0121726609068384,1.0270276605719648,True,True,True,True
2019-10-21,1.006871609403255,3271620000,0.12097827145682648,0.996431327160494,1.0011873403575993,1.0108756385696047,1.0237966954022995,False,True,True,True
2019-10-22,0.996431327160494,3523890000,0.12150858145358635,1.0028471390091422,1.0088651831281148,1.013651580946532,1.0262450809248365,True,True,True,True
2019-10-23,1.0028471390091422,3392870000,0.11996369996058664,1.001920439870595,1.0116158321462332,1.014062146366142,1.0240504306844354,True,True,True,True
2019-10-24,1.001920439870595,3692600000,0.1198005233097525,1.0040726973148768,1.0088363579588677,1.009058927877381,1.024878001787203,True,True,True,True
2019-10-25,1.0040726973148768,3370370000,0.12034163899270098,1.0055813799606292,1.0080131015202394,1.0146763494400421,1.0233346015781368,True,True,True,True
2019-10-28,1.0055813799606292,3521230000,0.12089561710881452,0.9991676043455658,0.999388041139428,1.0127820439425943,1.0156575925670024,False,False,True,True
2019-10-29,0.9991676043455658,3589930000,0.12078622841091664,1.003253328240404,1.009885112730458,1.0124238941812183,1.0180941687054845,True,True,True,True
2019-10-30,1.003253328240404,3776030000,0.12107428422175405,0.9969771265963628,1.0103388178300299,1.009849775335847,1.015514791073825,False,True,True,True
2019-10-31,0.9969771265963628,4139280000,0.121492862689128,1.0096623605788857,1.012200582046116,1.0156770565848903,1.0194465294512698,True,True,True,True
2019-11-01,1.0096623605788857,3930200000,0.12332510527564565,1.0037040539174609,1.003218222901878,1.008533018575699,1.0174605710633824,True,True,True,True
2019-11-04,1.0037040539174609,4146850000,0.1235624709940258,0.9988142690537216,1.0022447673530905,1.0028392571151974,1.0142157770435987,False,True,True,True
2019-11-05,0.9988142690537216,4486130000,0.1205242581338146,1.0007025258405915,1.0060039939895005,1.0056006921180498,1.0148180913413685,True,True,True,True
2019-11-06,1.0007025258405915,4458190000,0.11961580810243118,1.002730126950903,1.0033249046080641,1.0056097608538794,1.0102964787862636,True,True,True,True
2019-11-07,1.002730126950903,4144640000,0.11925009010816873,1.002560628553277,1.0021587071094715,1.0037112907512686,1.0059510304098946,True,True,True,True
2019-11-08,1.002560628553277,3499150000,0.11767846887492718,0.9980375547997468,1.0003103702458391,1.0088520180532026,1.0055640332613445,False,True,True,True
2019-11-11,0.9980375547997468,3035530000,0.1175821715003688,1.0015646207819215,1.0031162840418395,1.011344310514057,1.0151052312755702,True,True,True,True
2019-11-12,1.0015646207819215,3466010000,0.11039871508012804,1.000711550403643,1.009256623887394,1.0091660629269301,1.0157446698406123,True,True,True,True
2019-11-13,1.000711550403643,3509280000,0.09357613650543226,1.0008370932502488,1.0090464247391762,1.0046605732311156,1.0192596087962664,True,True,True,True
2019-11-14,1.0008370932502488,3276070000,0.0921053572131781,1.0076954624866388,1.0076050416097502,1.0022314580689333,1.0143220210357713,True,True,True,True
2019-11-15,1.0076954624866388,3335650000,0.08640280427472471,1.0005031309486423,0.9961544131313975,0.9967408651288591,0.9978881318779922,True,False,False,False
2019-11-18,1.0005031309486423,3436690000,0.08440764095360463,0.9994074368279612,0.994077571323786,1.0037187342850642,0.9907656236487155,False,False,True,False
2019-11-19,0.9994074368279612,3590070000,0.06655917128389079,0.9962438064470641,0.996830311071797,1.0065188546814605,0.9976219320680219,False,False,True,False
2019-11-20,0.9962438064470641,4034890000,0.06595587320031918,0.9984172226761804,1.0081004741897914,1.0145313113245784,1.0028856732915974,False,True,True,True
2019-11-21,0.9984172226761804,3720560000,0.06548247142763249,1.0021749357185663,1.0119154256107539,1.0120636434523156,1.013652152058617,True,True,True,True
2019-11-22,1.0021749357185663,3226780000,0.059553164220660586,1.0075073385439943,1.0139343919698807,1.0011510180722696,1.0082532496969732,True,True,True,True
2019-11-25,1.0075073385439943,3511530000,0.0613034999102358,1.0021955297992111,1.002342323942763,0.987094880075567,0.9996425881722213,True,True,False,False
2019-11-26,1.0021955297992111,4595590000,0.05629762356225716,1.0041744679225098,0.991514144154471,0.9911606995019934,1.0003534446524778,True,False,False,True
2019-11-27,1.0041744679225098,3033090000,0.055726134936872916,0.9959887494728296,0.9808379549915494,0.9885211644993228,1.004737397855804,False,False,False,True
2019-11-29,0.9959887494728296,1743020000,0.05810318749218293,0.9913689358098428,0.9910155429197259,1.001569573827277,1.0088571082910431,False,False,True,True
2019-12-02,0.9913689358098428,3268740000,0.06333439541466605,0.9933619579494328,1.0011432718771176,1.0070940662262715,1.0249143348951624,False,True,True,True
2019-12-03,0.9933619579494328,3653390000,0.0652735690837874,1.0063235484288118,1.0170406051985,1.0127117548170177,1.032109142635458,True,True,True,True
2019-12-04,1.0063235484288118,3695030000,0.06561342487153225,1.0015002762821417,1.00745319266503,1.009274727251699,1.0251802259088394,True,True,True,True
2019-12-05,1.0015002762821417,3355750000,0.06545043987459802,1.0091357303933048,1.00484052568943,1.0164045383537081,1.0282091338057309,True,True,True,True
2019-12-06,1.0091357303933048,3479480000,0.06932935220622811,0.9968371631737716,0.9986395033551498,1.0072761140655644,1.0239390192344975,False,False,True,True
2019-12-09,0.9968371631737716,3345990000,0.0701440870648593,0.9989030472327451,1.0103987295756325,1.0176947410043493,1.028077526499062,False,True,True,True
2019-12-10,0.9989030472327451,3343790000,0.06921502799691,1.002908201703421,1.0115817297255885,1.0191539080357026,1.0290054014020653,True,True,True,True
2019-12-11,1.002908201703421,3252540000,0.06919632235491613,1.008575166394515,1.0158580100139096,1.0157593351222134,1.0312831237287645,True,True,True,True
2019-12-12,1.008575166394515,3990690000,0.07225987993425728,1.0000725879497692,1.0075586147694382,1.0116140719630617,1.0225496043956732,True,True,True,True
2019-12-13,1.0000725879497692,3736870000,0.07119326380517366,1.0071478162080278,1.0070499873769247,1.0165425397626857,1.0165646301439024,True,True,True,True
2019-12-16,1.0071478162080278,4051790000,0.06900305820528609,1.0003352708016733,1.00436165379373,1.010202259161196,1.0123235519904745,True,True,True,True
2019-12-17,1.0003352708016733,3837540000,0.06868884210097807,0.9995677395912946,1.0089897635723502,1.009666345081628,1.0204634583338552,False,True,True,True
2019-12-18,0.9995677395912946,4014080000,0.06849353157643495,1.0044592214694434,1.0103003942164868,1.0152829396391256,1.0136972993977074,True,True,True,True
2019-12-19,1.0044592214694434,3720450000,0.06909551166423668,1.0049448269622538,1.005618696125564,1.0108099844947693,1.0127629571625116,True,True,True,True
2019-12-20,1.0049448269622538,6454270000,0.06976786053053881,1.000866131465718,1.0058021494961535,1.0000217308969892,1.0049546445135698,True,True,True,True
2019-12-23,1.000866131465718,3060610000,0.06970601176909079,0.9998045911768264,1.0049658654904916,1.0020998694172787,1.009007416230099,False,True,True,True
2019-12-24,0.9998045911768264,1296540000,0.06915298344946885,1.0051281573999962,0.9993516122827591,1.0106937438341124,1.0159211759085187,True,False,True,True
2019-12-26,1.0051281573999962,2160680000,0.06997023923032243,1.0000339515603829,0.9971820204882238,0.9984382282223893,1.0078520699649067,True,False,False,True
2019-12-27,1.0000339515603829,2428670000,0.07006995996739854,0.9942191714865958,1.0055030524502937,1.0019320868389707,1.0148486737736189,False,True,True,True
2019-12-30,0.9942191714865958,3013290000,0.073207782540694,1.0029460247292237,1.0042094937121466,1.0049328064222722,1.0192034868018713,True,True,True,True
2019-12-31,1.0029460247292237,2893810000,0.07087433278740965,1.0083787815945375,1.0047976030556092,1.0068930722611875,1.0181101777279788,True,True,True,True
2020-01-02,1.0083787815945375,3458250000,0.0738453122254439,0.9929401292263302,0.9936553248307934,1.005172122718971,1.0180978252528512,False,False,True,True
2020-01-03,0.9929401292263302,3461290000,0.07766533296719907,1.003533394129558,1.0056262268729617,1.0094285670123806,1.0292965670742078,True,True,True,True
2020-01-06,1.003533394129558,3674070000,0.07647502227990058,0.9971967914043148,1.0087546360757538,1.0128916790911437,1.0229524255455473,False,True,True,True
2020-01-07,0.9971967914043148,3420380000,0.07697690049702155,1.004902415064964,1.0087020184234423,1.0142006314137613,1.0261245899208569,True,True,True,True
2020-01-08,1.004902415064964,3720890000,0.07761332642928352,1.0066552927252883,1.0107837260417145,1.0111403144741091,1.0222837029864278,True,True,True,True
2020-01-09,1.0066552927252883,3638390000,0.0770785126966435,0.9971447766207592,1.0025803890432714,1.012859193208539,1.0063425657312126,False,True,True,True
2020-01-10,0.9971447766207592,3212970000,0.07805503601999975,1.0069762812562206,1.0073315264826135,1.0196824230174413,0.9933483393816898,True,True,True,False
2020-01-13,1.0069762812562206,3456380000,0.07935945451468378,0.9984854613412488,1.0087222828781106,1.0099326973081968,0.9963839629211743,False,True,True,False
2020-01-14,0.9984854613412488,3665130000,0.07820012091725598,1.0018701551863305,1.0141540898222745,1.011757001659991,0.9970302910314788,True,True,True,False
2020-01-15,1.0018701551863305,3716840000,0.07207445255053327,1.008366547187995,1.0095765347537007,1.0110206153911632,0.9982883844233861,True,True,True,False
2020-01-16,1.008366547187995,3535080000,0.06982455616608778,1.0038621446510352,1.0014893828708908,0.993566107193357,0.972476566339344,True,True,False,False
2020-01-17,1.0038621446510352,3698170000,0.06896299667767658,0.9973480457229352,0.9987746349433265,0.9741742300923225,0.97576299998198,False,False,False,False
2020-01-21,0.9973480457229352,4105340000,0.07039386457509625,1.0002890878375326,0.9923753082850765,0.9865845175395008,0.9930137105929613,True,False,False,False
2020-01-22,1.0002890878375326,3619850000,0.0673332454132341,1.0011409648528635,0.9764822759087829,0.9854444193572663,1.0038955369910436,True,False,False,True
2020-01-23,1.0011409648528635,3764860000,0.06569938854548853,0.9909578594754536,0.9851753399447909,0.9874065565291654,1.006086229604816,False,False,False,True
2020-01-24,0.9909578594754536,3707130000,0.07259275776479625,0.984269315150798,0.9933029279586828,0.9787738926465728,1.009783126534303,False,False,False,True
2020-01-27,0.984269315150798,3823100000,0.08830162967843601,1.0100535511140296,1.0123411116557686,1.0016308888498384,1.0334378458702134,True,True,True,True
2020-01-28,1.0100535511140296,3526720000,0.08948797199260804,0.9991331526383904,0.984518838668718,1.006516616609284,1.024879129734085,False,False,True,True
2020-01-29,0.9991331526383904,3584500000,0.08962573644339324,1.0031343557157697,0.9925215372395677,1.0187236512494653,1.0323975071790792,True,False,True,True
2020-01-30,1.0031343557157697,3787250000,0.0880121386529683,0.9822941473843212,1.004242217525566,1.0189179147658403,1.0274937112855769,False,True,True,True
2020-01-31,0.9822941473843212,4527830000,0.1033323096097478,1.0072546442124062,1.0338457054986478,1.0316817133361438,1.047942657307968,True,True,True,True
2020-02-03,1.0072546442124062,3757910000,0.10520272246735964,1.014980362705145,1.0298129840069927,1.031755167871169,1.03735702941285,True,True,True,True
2020-02-04,1.014980362705145,3995320000,0.1126921159625666,1.011250640619361,1.0091339432737236,1.0182436264059502,1.026855976637483,True,True,True,True
2020-02-05,1.011250640619361,4117730000,0.11605640973444173,1.00332564646189,1.0052178763243358,1.0134225370274292,1.0115572961804542,True,True,True,True
2020-02-06,1.00332564646189,3868370000,0.11621731441031137,0.9945991667114992,1.0035776410881763,1.0084165725182164,0.9975999617428515,False,True,True,False
2020-02-07,0.9945991667114992,3730650000,0.11775384925232138,1.0073263595685922,1.01554822986378,1.0157615898019958,0.9694023818181269,True,True,True,False
2020-02-10,1.0073263595685922,3450350000,0.11857852652689595,1.0016884988171555,1.0065183214054512,1.0054294484933277,0.9332118171051492,True,True,True,False
2020-02-11,1.0016884988171555,3760550000,0.11853867304475466,1.0064626610081155,1.0066741121286575,1.008458044821681,0.9281185317548952,True,True,True,False
2020-02-12,1.0064626610081155,3926380000,0.11756482192286105,0.9983695571764636,0.9972894997706727,0.9981594638180771,0.8814333693352471,False,False,False,False
2020-02-13,0.9983695571764636,3498240000,0.11786599488126813,1.001843541971701,1.0036189143849625,0.9892736681743007,0.8755994475301873,True,True,False,False
2020-02-14,1.001843541971701,3398040000,0.11604657465266972,0.9970800198807156,0.9979498011928429,0.9543601486320172,0.9142259538010032,False,False,False,False
2020-02-18,0.9970800198807156,3746720000,0.11407242716264154,1.0047058265015771,0.9903450444917203,0.9281723531209483,0.8911310302674251,True,False,False,False
2020-02-19,1.0047058265015771,3600150000,0.11431393084377794,0.9961844572744858,0.9526719135301152,0.920334302969449,0.9243890554169186,False,False,False,False
2020-02-20,0.9961844572744858,4007320000,0.11467693926232825,0.989481891243704,0.9273633876136522,0.8830586707695591,0.8964523616830159,False,False,False,False
2020-02-21,0.989481891243704,3899270000,0.1192024111488858,0.9664864055126956,0.9336798741667292,0.8850932514418396,0.8905310463635682,False,False,False,False
2020-02-24,0.9664864055126956,4842960000,0.1540594007248658,0.969719984252408,0.9233916841553805,0.9579464891859302,0.8514115484408955,False,False,False,False
2020-02-25,0.969719984252408,5591510000,0.17662488844415805,0.9962214812944143,0.9443803325224328,0.9600921932990429,0.9213671716412897,False,False,False,False
2020-02-26,0.9962214812944143,5478110000,0.1749519512348341,0.9558367213346212,0.9916056719473492,1.0044057386912417,0.8796652537070133,False,False,True,False
2020-02-27,0.9558367213346212,7058840000,0.21384455433309296,0.9917616726423074,1.0082618270689814,1.0151673850864116,0.8327760544656162,False,True,True,False
2020-02-28,0.9917616726423074,8563850000,0.21378985484623172,1.0460392252438884,1.0595419433894564,1.0061437536811748,0.9176770856605129,True,True,True,False
2020-03-02,1.0460392252438884,6376400000,0.25571001244679104,0.9718920598143179,0.9785485222782768,0.8887882131750712,0.7721528818243304,False,False,False,False
2020-03-03,0.9718920598143179,6355940000,0.26568450449705194,1.0422025924211802,0.9896782614196721,0.9596653093025503,0.8421173548380654,True,False,False,False
2020-03-04,1.0422025924211802,5035480000,0.2966314840306016,0.9660779778411052,0.8774615669686787,0.8758066783382109,0.7661367615299095,False,False,False,False
2020-03-05,0.9660779778411052,5575550000,0.3107719706541095,0.9829460902002024,0.9531372976977057,0.8203337367804916,0.7967717613444713,False,False,False,False
2020-03-06,0.9829460902002024,6552140000,0.3131602478792033,0.9240303192402024,0.9222876021491269,0.9120735305496962,0.7754485477918296,False,False,False,False
2020-03-09,0.9240303192402024,8423050000,0.3769439331321077,1.0493963357800302,0.9031807060468365,0.8687703891413261,0.8146190143306538,True,False,False,False
2020-03-10,1.0493963357800302,7635960000,0.4079838079300102,0.951131589082065,0.9405980785711064,0.8775115101848222,0.8491098906055382,False,False,False,False
2020-03-11,0.951131589082065,7374110000,0.4261746172616944,0.9048873195252024,0.8704119822862939,0.8747783962821645,0.9030342382303804,False,False,False,False
2020-03-12,0.9048873195252024,8829380000,0.4985280148238418,1.0928711945304441,1.019571562177503,0.9712775735294121,1.060238486842106,True,True,False,True
2020-03-13,1.0928711945304441,8258670000,0.5784889772485776,0.8801594971634293,0.8845748094813022,0.8502039822649778,0.9374589637848486,False,False,False,False
2020-03-16,0.8801594971634293,7781540000,0.6659926256766266,1.059954822243549,1.009748001994862,0.9376689451119596,1.1007992020552109,True,True,False,True
2020-03-17,1.059954822243549,8358500000,0.6941748162060963,0.9481691766929332,0.9113273419553296,0.967633906507617,1.0219042460234304,False,False,False,True
2020-03-18,0.9481691766929332,8755780000,0.7024406421353899,1.0047078937492182,0.9329886159876571,1.0323005712856013,1.0301905675326304,True,False,True,True
2020-03-19,1.0047078937492182,7946710000,0.701007799413959,0.9566404774652506,1.015746724274609,1.0915916476784582,1.0487716807988743,False,True,True,True
2020-03-20,0.9566404774652506,9044690000,0.706440587766038,0.9707061416448294,1.074032938236468,1.1026282907866647,1.0797120941290803,False,True,True,True
2020-03-23,0.9707061416448294,7402180000,0.7080781431850679,1.0938276571019934,1.1755028157683027,1.1739742558326631,1.1905247161884334,True,True,True,True
2020-03-24,1.0938276571019934,7547350000,0.7704108400567765,1.011535019797085,1.038466410332893,1.0560856116665918,1.0866577045188024,True,True,True,True
2020-03-25,1.011535019797085,8285670000,0.7721560303947569,1.0624141608363362,1.0610326552376028,0.9979560180322836,1.1108516860831492,True,True,False,True
2020-03-26,1.0624141608363362,7753160000,0.7984450495288875,0.9663126836928292,0.9827076845863417,0.9607729071849797,1.0607398282175,False,False,False,True
2020-03-27,0.9663126836928292,6194330000,0.8019380808267794,1.0335160359949165,0.9720752163118196,0.9792167525093747,1.0866270308128767,True,False,False,True
2020-03-30,1.0335160359949165,5746220000,0.8105782412947984,0.9839872080406602,0.9620238707098394,1.0140978051891194,1.0835322559153298,False,False,True,True
2020-03-31,0.9839872080406602,6568290000,0.8108792177814771,0.9558576021728784,0.9628799925713557,1.0289484986013255,1.0769058148487771,False,False,True,True
2020-04-01,0.9558576021728784,5947900000,0.8168064599666139,1.022829386763813,1.0781946974296703,1.113126897389193,1.1331916616069626,True,True,True,True
2020-04-02,1.022829386763813,6454990000,0.8219580424925783,0.98486287546005,1.052439748308204,1.1040484387985283,1.137583600459061,False,True,True,True
2020-04-03,0.98486287546005,6087190000,0.8221763233849881,1.070331304120708,1.1050087396781392,1.109689992566251,1.134414240652563,True,True,True,True
2020-04-06,1.070331304120708,6391860000,0.8492908527511128,0.9983969545891398,1.0473555382027873,1.0684691854877462,1.027360643921192,False,True,True,True
2020-04-07,0.9983969545891398,7040720000,0.8459254773937833,1.0340564260493872,1.0384370969500756,1.0466080822438064,1.0526056531335906,True,True,True,True
2020-04-08,1.0340564260493872,5856370000,0.8530948878878527,1.0144873780900223,1.0349384359158973,1.0180255856406228,1.0173892173761265,True,True,True,True
2020-04-09,1.0144873780900223,7880140000,0.8452565580818919,0.9898954054383436,0.9976844384225507,1.0303747195159545,1.0168182893520012,False,False,True,True
2020-04-13,0.9898954054383436,5274310000,0.8454165552786186,1.0305725241976658,1.0137310211722788,1.0222803199559682,1.0423119679319826,True,True,True,True
2020-04-14,1.0305725241976658,5567400000,0.8391253534611406,0.9779695438606356,1.0100138436997113,0.9615257584168994,1.0060891196952981,False,True,False,True
2020-04-15,0.9779695438606356,5203390000,0.8376266177316637,1.0058167107381006,1.0142992641986663,1.0057304840193149,1.0561012589100944,True,True,True,True
2020-04-16,1.0058167107381006,5179990000,0.8278337491569373,1.026793591827258,0.9774999553499671,0.9993748995374259,1.0403207658373672,True,False,False,True
2020-04-17,1.026793591827258,5792140000,0.8264382800854264,0.982119002560392,0.9738220805966828,0.9868432038294557,0.9847454914839143,False,False,False,False
2020-04-20,0.982119002560392,5220160000,0.8265868819049585,0.9693251533742332,0.9910171580781819,1.019595063687499,1.0069354907267036,False,False,True,True
2020-04-21,0.9693251533742332,5075830000,0.8006156238402841,1.022930248194814,1.0366080042096646,1.0463465080246734,1.0481918905487186,True,True,True,True
2020-04-22,1.022930248194814,5049660000,0.790356144625294,0.9994605813575488,1.0282819694853373,1.05008377064348,1.0175436089607799,False,True,True,True
2020-04-23,0.9994605813575488,5756520000,0.7765558986789451,1.0139180784902422,1.0234434198298665,1.040971477589535,1.0298055615126174,True,True,True,True
2020-04-24,1.0139180784902422,5374480000,0.7205344604428104,1.0147140731966977,1.0362282056163064,0.9978743205228539,1.032805262378646,True,True,False,True
2020-04-27,1.0147140731966977,5194260000,0.6721441766881006,0.9947576498707652,1.0117944192768407,0.987583724743615,1.0179643422917655,False,True,False,True
2020-04-28,0.9947576498707652,5672880000,0.5636372002147169,1.0265838743587148,0.9885869546237154,1.0017636437928472,1.0023503609358142,True,False,True,True
2020-04-29,1.0265838743587148,6620140000,0.5441992511225139,0.9907875802429656,0.9670795472714842,0.9690118421097396,0.9593435640633984,False,False,False,False
2020-04-30,0.9907875802429656,6523120000,0.5185409159334993,0.9719409565208434,0.9848957743190396,0.9892735619396861,0.979422681403502,False,False,False,False
2020-05-01,0.9719409565208434,4753160000,0.5284041590917558,1.004249817183675,1.0062563809079703,1.035005352014159,1.0116543199409336,True,True,True,True
2020-05-04,1.004249817183675,4723140000,0.5074278939761485,1.0090405735311707,1.0135256829678407,1.0307625741362207,1.039106636554873,True,True,True,True
2020-05-05,1.0090405735311707,5129590000,0.495292912507491,0.993020596561197,1.0213914183319155,1.0005856842046548,1.0189998744962419,False,True,True,True
2020-05-06,0.993020596561197,4861920000,0.4262277881191999,1.011504623615899,1.028707142907296,0.99002253881099,1.0432485377858602,True,True,False,True
2020-05-07,1.011504623615899,5164640000,0.4262240053267822,1.0168715010117348,0.9961578375601748,0.9900423089070837,1.0233653455690184,True,False,False,True
2020-05-08,1.0168715010117348,4857160000,0.3923963033830658,1.0001331148883883,0.962523039115298,0.9774387330193187,1.0087548638132295,True,False,False,True
2020-05-11,1.0001331148883883,4807320000,0.3761539721594724,0.9794996228913484,0.9734863609527028,1.0080950382057134,1.0210157020534505,False,False,True,True
2020-05-12,0.9794996228913484,5107710000,0.3731675437751206,0.9825373155129402,0.9977631597285129,1.0184034117040404,1.0578407871447886,False,False,True,True
2020-05-13,0.9825373155129402,6143130000,0.3738400731092657,1.0115248226950355,1.0474858156028368,1.0537624113475177,1.0743723404255316,True,True,True,True
2020-05-14,1.0115248226950355,5641920000,0.3464225851871669,1.003926380368098,1.0246941279579316,1.0336581945661698,1.067242769500438,True,True,True,True
2020-05-15,1.003926380368098,5477040000,0.3422908012969957,1.0315012047351328,1.0376820197646401,1.032038970562559,1.0670566050913157,True,True,True,True
2020-05-18,1.0315012047351328,6364290000,0.34582899264715616,0.9895155911994612,0.9981719145133062,1.0128169104678206,1.0429633942808012,False,False,True,True
2020-05-19,0.9895155911994612,4969330000,0.2899008162893679,1.0166510431278095,1.011122363100166,1.0387247086837226,1.068400309277645,True,True,True,True
2020-05-20,1.0166510431278095,4992970000,0.2920584776127786,0.9922264361743298,1.0067842011569486,1.019558421192552,1.047361531291118,False,True,True,True
2020-05-21,0.9922264361743298,4966940000,0.2793766994573977,1.0023537312066093,1.0297167043693256,1.0324909869730814,1.0832352611997247,True,True,True,True
2020-05-22,1.0023537312066093,3952800000,0.27704711864063103,1.012289160703108,1.0251332284423693,1.0339305351130965,1.0937048503611972,True,True,True,True
2020-05-26,1.012289160703108,5837060000,0.2760956309982612,1.0148273430109935,1.0175615104102254,1.0297649886187776,1.0720008556807508,True,True,True,True
2020-05-27,1.0148273430109935,6371230000,0.2659256364166727,0.9978920533705736,1.0064555865526181,1.028569264161943,1.0507257594371782,False,True,True,True
2020-05-28,0.9978920533705736,5402670000,0.2561810256998945,1.0048123100078226,1.0168628887722668,1.027269756710994,0.9908803754790033,True,True,True,False
2020-05-29,1.0048123100078226,7275080000,0.2561001267534864,1.0037512605483674,1.0258055191488382,1.0491474258534772,0.9990145550223203,True,True,True,False
2020-06-01,1.0037512605483674,4673410000,0.2459436407461715,1.00821080396501,1.0185291239736494,1.0578126994204329,1.0035539789182943,True,True,True,True
2020-06-02,1.00821080396501,5187230000,0.2390002785773239,1.0136489635876162,1.036714251400601,1.04101505443356,1.0142559448458528,True,True,True,True
2020-06-03,1.0136489635876162,5989560000,0.21832088428593008,0.9966313038967359,1.0350703039191511,1.021541082401765,0.9969963527140099,False,True,True,False
2020-06-04,0.9966313038967359,6428130000,0.21225289974199632,1.026211704981766,1.0304689382620849,0.9645766061014991,1.00096068886854,True,True,False,True
2020-06-05,1.026211704981766,8617590000,0.22164367037336208,1.0120415913936749,0.9988133741190321,0.9522156089832903,0.9698834977598131,True,False,False,False
2020-06-08,1.0120415913936749,8437380000,0.22101794453981555,0.9922008173518666,0.9287555028941437,0.9487066845275479,0.9645680131419786,False,False,False,False
2020-06-09,0.9922008173518666,6382620000,0.2215683201765787,0.9946869212205116,0.9482816680074084,0.9742951752006436,0.9763374678066089,False,False,False,False
2020-06-10,0.9946869212205116,6570840000,0.2215932320481016,0.9410558784253984,0.9612712921689958,0.975972841317309,0.9561743371764247,False,False,False,False
2020-06-11,0.9410558784253984,7018890000,0.2766559327346261,1.0130608573998199,1.0408514040171877,1.0377202624829285,1.0272009593284692,True,True,True,True
2020-06-12,1.0130608573998199,5832250000,0.2771462618060091,1.0083122075684492,1.0237331939197254,1.0185545044734012,0.9893927287912113,True,True,True,False
2020-06-15,1.0083122075684492,5740660000,0.2630176278518424,1.0189624305825036,1.0158971365588487,1.016718896233275,0.9956466302961916,True,True,True,False
2020-06-16,1.0189624305825036,5829240000,0.2671434828509185,0.996399700455078,0.9913592810921869,1.0020961744017103,0.992175348989036,False,False,True,False
2020-06-17,0.996399700455078,4549390000,0.2672939008083354,1.000594188515139,1.0014035696276524,0.9797140829101746,1.0007612036653404,True,True,False,True
2020-06-18,1.000594188515139,4429030000,0.265764414221118,0.9943505363780516,1.0051198264073904,0.9898630647056176,1.0047089563257945,False,True,False,True
2020-06-19,0.9943505363780516,8327780000,0.2657163690277504,1.0064950576872171,0.9846952939885205,0.9713694499861185,1.0264644547315138,True,False,False,True
2020-06-22,1.0064950576872171,4665380000,0.26254149079068123,1.0043074416426652,0.9890630111679163,0.9792742457967963,1.0088073229715253,True,False,False,True
2020-06-23,1.0043074416426652,4704830000,0.262533278408654,0.9741448412635048,0.9609617761369912,0.9900999268672018,1.012343155696215,False,False,False,True
2020-06-24,0.9741448412635048,5587200000,0.2670037945519865,1.0109594699589879,1.0009539951415092,1.021482921519967,1.0333472116131703,True,True,True,True
2020-06-25,1.0109594699589879,4815420000,0.2614930221449915,0.9757730822113264,1.005360339326018,1.0149979246115137,1.0328430228033314,False,True,True,True
2020-06-26,0.9757730822113264,8098120000,0.2718308226902968,1.0146856981439325,1.035496252970207,1.0567188979910607,1.0485767933400914,True,True,True,True
2020-06-29,1.0146856981439325,4462770000,0.27429612764689376,1.0154098596900345,1.0251437816876503,1.0301581271043225,1.0472547195765816,True,True,True,True
2020-06-30,1.0154098596900345,4696280000,0.2631404989096253,1.005022110834793,1.0256201839182786,1.022465640311068,1.0407284479838983,True,True,True,True
2020-07-01,1.005022110834793,4443130000,0.2607028503510592,1.0045412823425957,1.0094548535556795,1.0116147708818752,1.0320007959279298,True,True,True,True
2020-07-02,1.0045412823425957,4190830000,0.2572358074676746,1.0158817383970018,1.012757147740742,1.0175814134779122,1.0302618841473346,True,True,True,True
2020-07-06,1.0158817383970018,4736450000,0.25866848601316866,0.9891814373592644,0.9912979759224085,0.9922949190494763,1.022681242373542,False,False,False,True
2020-07-07,0.9891814373592644,4563700000,0.26160045281444483,1.0078275024480816,1.0126282858341917,1.0165960856129106,1.0356021008991128,True,True,True,True
2020-07-08,1.0078275024480816,4927700000,0.260423838617784,0.9943563600572882,0.9953563789850913,1.0178615368114223,1.0334643557922225,False,False,True,True
2020-07-09,0.9943563600572882,4829020000,0.2584557701276385,1.0104662045335575,1.0144255325899019,1.02015196459447,1.0265255944544016,True,True,True,True
2020-07-10,1.0104662045335575,4515340000,0.2595480942817241,0.9906374802200286,1.0130359430336822,1.0124613819606654,1.0096042749855563,False,True,True,True
2020-07-13,0.9906374802200286,4890780000,0.2613633029564589,1.0134063551828398,1.0191270339310727,1.0306222703963586,1.0266827669702898,True,True,True,True
2020-07-14,1.0134063551828398,4476170000,0.26362971493817194,1.0090820385798993,1.008509720033025,1.0186957391978777,1.0065425704921307,True,True,True,True
2020-07-15,1.0090820385798993,4669760000,0.2638301745489821,0.9965938956659725,1.0078349697510658,1.0153290191411277,1.0098804919170872,False,True,True,True
2020-07-16,0.9965938956659725,3961230000,0.2617277360449577,1.0028486395880043,1.012977481441859,1.006247725908625,1.0095317470930494,True,True,True,True
2020-07-17,1.0028486395880043,3993830000,0.2614235021983491,1.0084069053843268,1.0159052075677648,0.9971780583180603,1.014385700508259,True,True,False,True
2020-07-20,1.0084069053843268,3971200000,0.2515983144131002,1.0016790493997243,0.9950243554418415,0.9961775487108832,1.0131525536311745,True,False,False,True
2020-07-21,1.0016790493997243,4547960000,0.2493297607952369,1.0057470911491109,0.9872071961440454,0.9880698738218767,1.0151076044576794,True,False,False,True
2020-07-22,1.0057470911491109,4255190000,0.24855926595095046,0.9876801728927174,0.9888248545491175,0.9946337323947961,1.015796606858322,False,False,False,True
2020-07-23,0.9876801728927174,4290460000,0.25088257033693,0.993809609167836,0.9946780564088935,1.0032636309130132,1.0350778511957377,False,False,True,True
2020-07-24,0.993809609167836,3894900000,0.17813319646994052,1.0073951294147647,1.0133130988328882,1.017256338571291,1.0421845796935592,True,True,True,True
2020-07-27,1.0073951294147647,3963910000,0.17591709447225395,0.9935265989794438,1.0021022346661892,1.0170401400254985,1.0373710027443266,False,True,True,True
2020-07-28,0.9935265989794438,4027890000,0.17664551760680575,1.0124283814518835,1.0163681783721306,1.0273641888616845,1.035809274058239,True,True,True,True
2020-07-29,1.0124283814518835,4676300000,0.17204318590352208,0.9962497391389744,1.0111004038742468,1.0212770528228234,1.0374136089662538,False,True,True,True
2020-07-30,0.9962497391389744,4254010000,0.17208201796788689,1.007670459796317,1.0185723703261023,1.0317107281699944,1.0391871160919468,True,True,True,True
2020-07-31,1.007670459796317,5117260000,0.17299607099484474,1.0071810266819927,1.0173182273961212,1.0245053681919343,1.0310994399471745,True,True,True,True
2020-08-03,1.0071810266819927,4643640000,0.17226398289543787,1.0036119601409574,1.0165573466965738,1.0199902264607947,1.026522107320745,True,True,True,True
2020-08-04,1.0036119601409574,4621670000,0.1718288160708908,1.0064297401187354,1.0135399560261422,1.0082201475271508,1.0251836528545204,True,True,True,True
2020-08-05,1.0064297401187354,4732220000,0.17218436578494828,1.006427727877828,1.0098264002620372,1.0158003708188967,1.014147612365038,True,True,True,True
2020-08-06,1.006427727877828,4267490000,0.15074578994461285,1.000632994541915,0.995380931338007,1.0072465931756023,1.0108534677351937,True,False,True,True
2020-08-07,1.000632994541915,4104860000,0.14906705587635313,1.0027422358024396,1.0086742975818195,1.0064363467093171,1.013690291470722,True,True,True,True
2020-08-10,1.0027422358024396,4318570000,0.12511483428643155,0.992030876633328,1.0038566033917873,1.0064038661258694,1.0210714572663946,False,True,True,True
2020-08-11,0.992030876633328,5087650000,0.1250877360634946,1.013996502374246,1.0117467430984886,1.016825199703632,1.0329754716245367,True,True,True,True
2020-08-12,1.013996502374246,3768560000,0.12392739380461693,0.9979528747023236,1.000485156862455,0.9983729495466448,1.0291034952002018,False,True,False,True
2020-08-13,0.9979528747023236,3648810000,0.12457557512333794,0.9998280681680072,1.004846699057043,1.0035809250525431,1.0329397675363057,False,True,True,True
2020-08-14,0.9998280681680072,3193400000,0.12471276095865018,1.0027098744385312,1.0005929703366592,1.0072075544420895,1.04007293535141,True,True,True,True
2020-08-17,1.0027098744385312,3671290000,0.11812173752455135,1.0023033775972137,1.0010408073353265,1.0145742595335885,1.0349853192942624,True,True,True,True
2020-08-18,1.0023033775972137,3881310000,0.11160887016749048,0.9955955843742073,1.0021771324392734,1.0158830366572462,1.0403772516210494,False,True,True,True
2020-08-19,0.9955955843742073,3884480000,0.11218503678813473,1.0031586589033588,1.0167207431441398,1.0307806272871387,1.0610367868201553,True,True,True,True
2020-08-20,1.0031586589033588,3642850000,0.10977037663154532,1.003441135899761,1.0171643267927137,1.0292540857950503,1.0205434336333377,True,True,True,True
2020-08-21,1.003441135899761,3705420000,0.10714575201058307,1.0100436835474338,1.0240112329121975,1.0326301969880731,1.00877203311001,True,True,True,True
2020-08-24,1.0100436835474338,3728690000,0.1036964572484617,1.0035963255694669,1.0155248187265393,1.0201178568930547,0.9710195612133083,True,True,True,False
2020-08-25,1.0035963255694669,3619300000,0.09877508949500596,1.0101956661884877,1.0186983465074546,1.0241112550165237,0.9870310893768769,True,True,True,False
2020-08-26,1.0101956661884877,3754360000,0.09947086909857608,1.0016730243508407,1.0062034133146294,1.0293526660591654,0.959887660151837,True,True,True,False
2020-08-27,1.0016730243508407,3929560000,0.09791384842460407,1.0067325766598272,1.0120819044065952,0.9915369272933379,0.9587952533325682,True,True,False,False
2020-08-28,1.0067325766598272,3855880000,0.09860975674179666,0.9978050233608228,1.020761058263802,0.9768957329084011,0.9645183451586513,False,True,False,False
2020-08-31,0.9978050233608228,4342290000,0.09818522593863237,1.0075250477814823,0.987072573572055,0.9518699772305883,0.9716853650105276,True,False,False,False
2020-09-01,1.0075250477814823,4083110000,0.09922933582873217,1.015365857116527,0.9717323805878099,0.9637928345597094,0.9599733458097627,True,False,False,False
2020-09-02,1.015365857116527,4285190000,0.10553627984446784,0.9648741636040704,0.9304632432613577,0.9325158342735222,0.9374923202377093,False,False,False,False
2020-09-03,0.9648741636040704,4898680000,0.14688595429971546,0.9918670008625032,0.9837629447824351,0.9669788657794656,0.96075610843227,False,False,False,False
2020-09-04,0.9918670008625032,4431440000,0.14795777604422888,0.972243621168616,0.974388379204893,0.9873298783761703,0.957425823470364,False,False,False,False
2020-09-08,0.972243621168616,4665600000,0.1705183026175092,1.020145024971187,1.0027402276219746,1.0208173261621205,0.9951168123319243,True,True,True,False
2020-09-09,1.020145024971187,3920830000,0.17768914881629835,0.9824152093581566,0.9954633181914468,0.9960370230894154,0.9523265940169928,False,False,False,False
2020-09-10,0.9824152093581566,4192250000,0.18340927922429914,1.0005330634075928,1.018570371856648,1.0053366235524184,0.9722687238521912,True,True,True,False
2020-09-11,1.0005330634075928,3704450000,0.18288871833984174,1.0127418085166884,1.0133254713451483,0.9935647431733894,0.9872761503395714,True,True,False,False
2020-09-14,1.0127418085166884,3832130000,0.1850678002902301,1.0052193856138836,0.992159099641204,0.9697121949201128,0.9905601825307215,True,False,False,False
2020-09-15,1.0052193856138836,4051460000,0.18460303802223751,0.9953810419851816,0.9759702457956012,0.9748235916735266,0.9806744678348813,False,False,False,False
2020-09-16,0.9953810419851816,4710030000,0.18518107660897448,0.9915876283787576,0.9691536527947207,0.9561156582946629,0.9933569438988147,False,False,False,False
2020-09-17,0.9915876283787576,4371940000,0.18629037663599302,0.9888174297961576,0.9876556816929347,0.9671076344723425,1.0070866634296587,False,False,False,True
2020-09-18,0.9888174297961576,7068700000,0.18828627242302898,0.9884288756940114,0.9751315722088163,0.9936706763429098,1.0087212717692882,False,False,False,True
2020-09-21,0.9884288756940114,4828350000,0.19110250519336444,1.010517942372282,0.9894942488098357,1.021499149665047,1.0388715841831602,True,False,True,True
2020-09-22,1.010517942372282,3963300000,0.1936089607215975,0.976278588598642,0.9948394996938683,1.0060019845758044,1.0136929698362576,False,False,True,True
2020-09-23,0.976278588598642,4364500000,0.20407729219968967,1.002987407782707,1.0354287409018448,1.0389506073674972,1.056386935729026,True,True,True,True
2020-09-24,1.002987407782707,4599470000,0.19953772159836106,1.0159767633116592,1.027376416486221,1.041338758512778,1.0616770211206217,True,True,True,True
2020-09-25,1.0159767633116592,3792220000,0.2056696958573123,1.0161105485590245,1.0195667068874565,1.0151464622884618,1.0541707342214242,True,True,True,True
2020-09-28,1.0161105485590245,3946060000,0.21134599381166325,0.995187373194892,1.0087122568325575,1.0170068027210883,1.0544874089986866,False,True,True,True
2020-09-29,0.995187373194892,3651880000,0.2115938129786496,1.0082537093722923,1.00388251131025,1.007645099491226,1.052904088479284,True,True,True,True
2020-09-30,1.0082537093722923,4722530000,0.212946796215432,1.0052928932500744,1.0135593220338983,1.0167826345524829,1.0373684210526308,True,True,True,True
2020-10-01,1.0052928932500744,4070530000,0.21312847515567745,0.990422385234264,0.9941345243729294,1.0195308802650256,1.03033009938476,False,False,True,True
2020-10-02,0.990422385234264,3961550000,0.21475476696826534,1.0179726557600302,1.0212100035240501,1.0384420114561492,1.040433995735301,True,True,True,True
2020-10-05,1.0179726557600302,3686920000,0.22098111764112088,0.9860265211523792,1.0112157484011028,1.036853840286334,1.0053746406149142,False,True,True,True
2020-10-06,0.9860265211523792,4443380000,0.22264742042761304,1.0173967634343657,1.0345644263412048,1.0449156047212556,1.0244423484886795,True,True,True,True
2020-10-07,1.0173967634343657,3807830000,0.2284222652455771,1.008010083522448,1.0335668998432488,1.0202460051938322,1.004714222211823,True,True,True,True
2020-10-08,1.008010083522448,3856190000,0.22764992555097874,1.0087935871510925,1.018886919285256,1.0105923413687357,1.0019322101757264,True,True,True,True
2020-10-09,1.0087935871510925,3939060000,0.2290917833192719,1.0164157899883235,1.0033159435628127,1.0019182431538558,0.9966207860483037,True,True,True,False
2020-10-12,1.0164157899883235,3428970000,0.233235015257792,0.9936930921108476,0.9856036126783277,0.9696396941899484,0.9622971971184588,False,False,False,False
2020-10-13,0.9936930921108476,3605150000,0.2339288178633214,0.9933768611561165,0.9919930066943246,0.9804067848732746,0.9654748243843131,False,False,False,False
2020-10-14,0.9933768611561165,3840630000,0.2336812992301919,0.9984721971410307,0.9822998449265765,0.9847764334259184,0.937615194329071,False,False,False,False
2020-10-15,0.9984721971410307,3717640000,0.2289493876825685,1.0001349279714296,0.9884536106150992,0.9914306384102614,0.9502689947004888,True,False,False,False
2020-10-16,1.0001349279714296,4675890000,0.20454347850848345,0.983670177191064,0.9861502205918233,0.99471268524977,0.9386160554105997,False,False,False,False
2020-10-19,0.983670177191064,4086200000,0.2088344093390296,1.0047272769717412,1.0077533178480966,0.9924276026285993,0.9659519335146428,True,True,False,False
2020-10-20,1.0047272769717412,3901260000,0.1917253142728197,0.9978043170148004,1.006467970910105,0.9847696275471087,0.97851948232998,False,True,False,False
2020-10-21,0.9978043170148004,4097750000,0.1832546744186218,1.0052189453829945,0.9899317724039169,0.9521096997287201,1.0022936580935862,True,False,False,True
2020-10-22,1.0052189453829945,4163630000,0.17553978141542145,1.0034457896215134,0.9818126011657775,0.9584825784930608,1.0164934602387732,True,False,False,True
2020-10-23,1.0034457896215134,3646570000,0.17564921609295672,0.9814104617373514,0.943913960622037,0.9436051930662929,1.0127114119911467,False,False,False,True
2020-10-26,0.9814104617373514,3988080000,0.18126419142002131,0.9969743925997584,0.9732840924794985,0.9733223168684229,1.0439668682758152,False,False,False,True
2020-10-27,0.9969743925997584,3946990000,0.1808685311192248,0.9647120931494568,0.9643965222315287,0.9936531905104579,1.0456693052720987,False,False,False,True
2020-10-28,0.9647120931494568,5129860000,0.20749626960043216,1.01194730711733,1.011987049950627,1.0527081683750987,1.0922125446724729,True,True,True,True
2020-10-29,1.01194730711733,4903070000,0.20960933078085356,0.9878704937298156,1.0178392863077057,1.060523668397727,1.0685475709266463,False,True,True,True
2020-10-30,0.9878704937298156,4840450000,0.21005074452031464,1.0123181934947216,1.0530526367295012,1.0732363698638514,1.0963895582820589,True,True,True,True
2020-11-02,1.0123181934947216,4310590000,0.2104368471136034,1.017799313644932,1.0604820194306153,1.0725808400599353,1.0956637585190199,True,True,True,True
2020-11-03,1.017799313644932,4220070000,0.21450372152780925,1.0220470384309444,1.041636490994788,1.0523483598285626,1.0713441926177445,True,True,True,True
2020-11-04,1.0220470384309444,4783040000,0.210340995284384,1.0194601909718188,1.0310910020212343,1.0375264270613107,1.036112143670283,True,True,True,True
2020-11-05,1.0194601909718188,4841190000,0.21624691028979054,0.999712287598456,1.0099930208377845,1.007565981569315,1.0203449700180887,False,True,True,True
2020-11-06,0.999712287598456,4833950000,0.21267669942157985,1.0116998723443056,1.0180142700829764,1.021573242454637,1.013705890398468,True,True,True,True
2020-11-09,1.0116998723443056,8556610000,0.21053528817718056,0.9986001971553304,0.9962005351358968,1.0215209125475286,1.0076299112801015,False,False,True,True
2020-11-10,0.9986001971553304,6024230000,0.2098054896317719,1.0076518884341692,1.0111746339757388,1.0180508978911476,1.02535022972588,True,True,True,True
2020-11-11,1.0076518884341692,4609970000,0.2096598669151342,0.9900214406072788,1.0151847642932716,0.9986368700072212,1.0159516998538902,False,True,False,True
2020-11-12,0.9900214406072788,4890120000,0.2122959199173467,1.013610365817456,1.0205031933751953,1.0126830288859798,1.0286513184865183,True,True,True,True
2020-11-13,1.013610365817456,4709670000,0.2123304252321096,1.01164804819882,0.9951578037181146,0.9922987880562874,1.0101753064725323,True,False,False,True
2020-11-16,1.01164804819882,5281980000,0.2090569934268944,0.9952080421074688,0.9875817155650399,0.9864016476835652,1.0097989748849567,False,False,False,True
2020-11-17,0.9952080421074688,4799570000,0.20454643998546115,0.988436167589686,0.9855964626973593,1.0071699085476502,1.016478599706887,False,False,True,True
2020-11-18,0.988436167589686,5274450000,0.20338983400197205,1.0039464206133208,1.002746798438249,1.017338464427559,1.0277286499485674,True,True,True,True
2020-11-19,1.0039464206133208,4347200000,0.2025984054083821,0.9932074586738212,1.0149474994904897,1.0157682997987088,1.0327342980063487,False,True,True,True
2020-11-20,0.9932074586738212,4218970000,0.20266565534744765,1.0056359169538502,1.0202696245158174,1.0180152577342774,1.037784536505563,True,True,True,True
2020-11-23,1.0056359169538502,5036290000,0.19781728436903093,1.0161617178044438,1.0169835000656866,1.023719878465671,1.0348446859478029,True,True,True,True
2020-11-24,1.0161617178044438,6267570000,0.20179523318351067,0.9984155844870318,0.9962095059429336,1.0092424238256483,1.0102904486701638,False,False,True,True
2020-11-25,0.9984155844870318,4902560000,0.20061604814453984,1.0023969253233782,1.0090366839777938,1.010213105946854,1.0105933078947005,True,True,True,True
2020-11-27,1.0023969253233782,2778450000,0.20044090639454995,0.9954045102862562,1.0084268968076189,1.0167026261904433,1.0069014800665135,False,True,True,True
2020-11-30,0.9954045102862562,6291400000,0.20119442049671585,1.0112711679547606,1.0124501950779068,1.019419432686387,1.0071404312422858,True,True,True,True
2020-12-01,1.0112711679547606,5403660000,0.19592619292700644,1.0017911507324333,1.0100124233777932,1.0108670425534818,1.0087837376619473,True,True,True,True
2020-12-02,1.0017911507324333,5029620000,0.19579383971331465,0.999375853431852,1.0062550933358043,1.0010384272596693,1.0087653072627218,False,True,True,True
2020-12-03,0.999375853431852,5091760000,0.1955404673738418,1.0088362351093074,1.0096898590565957,1.0003763581620633,1.0152070515337963,True,True,True,True
2020-12-04,1.0088362351093074,5086370000,0.1962978437261068,0.998064404507018,0.9928902009126497,0.9903598693743378,1.002781742684747,False,False,False,True
2020-12-07,0.998064404507018,4788560000,0.19666018514462466,1.0027871374554438,0.9935373080965124,0.9879549074204488,1.0008017421640543,True,False,False,True
2020-12-08,1.0027871374554438,4549670000,0.18653329271398986,0.992050779931123,0.989522587615639,0.9979390910932541,0.9959511108109934,False,False,False,False
2020-12-09,0.992050779931123,5209940000,0.18842872320453652,0.9987148839311482,0.9931033919440647,1.0077188645237174,1.0046803273778735,False,False,True,True
2020-12-10,0.9987148839311482,4618240000,0.15082167158635448,0.998735039938933,1.007229901038685,1.0148251138191438,1.0095308197704544,False,True,True,True
2020-12-11,0.998735039938933,4367150000,0.14952836963085578,0.9956407330774733,1.0102935476298365,1.0125427874195436,1.019626254961158,False,True,True,True
2020-12-14,0.9956407330774733,4594920000,0.1441000178984513,1.0129212143145012,1.0205593435485774,1.013003462655141,1.0218095183263018,True,True,True,True
2020-12-15,1.0129212143145012,4360280000,0.144424069054517,1.0017728480872188,1.004003118047323,0.9980079142103928,1.0101282405227072,True,True,False,True
2020-12-16,1.0017728480872188,4056950000,0.13817056303927944,1.0057576388007037,0.9983113447909716,0.9969847372587591,1.0148331473561072,True,False,False,True
2020-12-17,1.0057576388007037,4184930000,0.12640063794205705,0.9964888998732028,0.9905385656873913,0.9947830478605667,0.9941356300101015,False,False,False,False
2020-12-18,0.9964888998732028,7068340000,0.11700888627024968,0.9960937184080488,0.9947700577719911,1.0069957216915906,1.0047042521586995,False,False,True,True
2020-12-21,0.9960937184080488,4732160000,0.11805287292163245,0.9979268833966636,1.0022030246933633,1.0086930163575942,1.0144035594816672,False,True,True,True
2020-12-22,0.9979268833966636,4023940000,0.11466055274837104,1.0007458112528005,1.0130449168217055,1.0121445192365068,1.0316034128322928,True,True,True,True
2020-12-23,1.0007458112528005,3772630000,0.11439217530442528,1.0035365757816377,1.0100352031566313,1.0179023905084272,1.0364958360546448,True,True,True,True
2020-12-24,1.0035365757816377,1885090000,0.1130381930401534,1.0087225159732762,1.0078259601518744,0.9993491868886811,1.026073031492873,True,True,False,True
2020-12-28,1.0087225159732762,3527460000,0.10988932771426033,0.9977726377109568,1.0055443116593847,0.9977244495845109,1.0176234686884258,False,True,False,True
2020-12-29,0.9977726377109568,3387030000,0.10461284833536208,1.0013415471795313,0.9929193139864342,1.0056613290976213,1.0222160212930365,True,False,True,True
2020-12-30,1.0013415471795313,3145200000,0.0999268533020966,1.0064388377402171,0.9986120191637815,1.0192254102314011,1.0170148229922504,True,False,True,True
2020-12-31,1.0064388377402171,3172510000,0.09959840546249524,0.9852452164097047,0.9978887507421317,1.018266432734214,1.003242751066939,False,False,True,True
2021-01-04,0.9852452164097047,5006680000,0.10354384504743357,1.007082539553862,1.0278707794576625,1.026741248159107,1.0265520922000182,True,True,True,True
2021-01-05,1.007082539553862,4582620000,0.10464919026230088,1.0057099005597203,1.026247296651873,1.019944403599813,1.0335376161165162,True,True,True,True
2021-01-06,1.0057099005597203,6049970000,0.10245198114591728,1.0148473642926892,1.013732144476994,1.0164614982364588,1.0279952189619386,True,True,True,True
2021-01-07,1.0148473642926892,5080870000,0.10876321888573684,1.0054918909824149,0.9993164712037205,0.9978311105502667,1.009905909632235,True,False,False,True
2021-01-08,1.0054918909824149,4764180000,0.10085803521692836,0.9934452032588348,0.9961199368313167,0.9852458244872772,1.0080215861196231,False,False,False,True
2021-01-11,0.9934452032588348,4450500000,0.10326989799627752,1.0004158321511945,0.9989288374333153,0.9998157705659261,1.0131618771400217,True,False,False,True
2021-01-12,1.0004158321511945,4977210000,0.1032878341499469,1.0022756031663769,0.9913342926820282,1.013327405365162,0.986735732757373,True,False,True,False
2021-01-13,1.0022756031663769,4590420000,0.10168253409185143,0.9962465615353924,0.9971311131176109,1.0113469332045442,0.9941047393066372,False,False,True,False
2021-01-14,0.9962465615353924,5180140000,0.09868615844468344,0.9928099822423159,1.0148358336363206,1.0121010449106054,0.978580122986452,False,True,True,False
2021-01-15,0.9928099822423159,5353060000,0.10161533370801304,1.0081364028395143,1.0225091222716118,1.0231168314204209,1.0014887547269953,True,True,True,True
2021-01-19,1.0081364028395143,4982940000,0.10361855223160968,1.0139355762574005,1.0112032135533615,1.013348565772814,1.007212595191779,True,True,True,True
2021-01-20,1.0139355762574005,4551790000,0.1078508981405858,1.0003167309215053,1.000911250438101,0.9737580643067614,0.9943715357555459,True,True,False,False
2021-01-21,1.0003167309215053,4484460000,0.10744749734880964,0.9969894136363988,0.9991046100901356,0.9829512570495731,1.004845486845554,False,False,False,True
2021-01-22,0.9969894136363988,5080430000,0.10813082060835164,1.0036158033252895,0.976389246824783,0.9668798663011813,1.0118079797577488,True,False,False,True
2021-01-25,1.0036158033252895,6955860000,0.10471901804001996,0.9985111636786188,0.982367405378486,0.9788605992695882,1.015622406208499,False,False,False,True
2021-01-26,0.9985111636786188,6029090000,0.10477010398443017,0.9743221408866328,0.9648328925971911,0.9939448568949663,1.0160041770356552,False,False,False,True
2021-01-27,0.9743221408866328,9878040000,0.1311958484198614,1.0097606624773048,1.0061560692871063,1.0211689866347446,1.0424206229654176,True,True,True,True
2021-01-28,1.0097606624773048,6937960000,0.13272703092801702,0.9806884970612928,1.0102788735220654,1.0222739730367694,1.0340604850846757,False,True,True,True
2021-01-29,0.9806884970612928,6612570000,0.14081050974220632,1.0160517360213666,1.0312123072283972,1.0464671103644354,1.059390346342724,True,True,True,True
2021-02-01,1.0160517360213666,5392870000,0.1480772940746586,1.013898236818536,1.0259363092430565,1.0375557121885814,1.0420603837980211,True,True,True,True
2021-02-02,1.013898236818536,5495370000,0.15231676506376673,1.0010088048276278,1.0158168052248768,1.0221937062078081,1.0274468090666982,True,True,True,True
2021-02-03,1.0010088048276278,4846900000,0.15172547647169612,1.010853304161434,1.0223018821618879,1.0208110867141662,1.0218789244341628,True,True,True,True
2021-02-04,1.010853304161434,4856670000,0.1535026754541825,1.003897472454245,1.0101995485234025,1.0115296998248846,1.0090321147597716,True,True,True,True
2021-02-05,1.003897472454245,4838580000,0.15323471599288102,1.007399345996609,1.0059302825181444,1.0123493952655505,0.9973423072272265,True,True,True,False
2021-02-08,1.007399345996609,4635030000,0.1540467559516488,0.9988865024172602,1.0002017575895332,1.0043416190152696,0.9912605763116161,False,True,True,False
2021-02-09,0.9988865024172602,4554610000,0.15423983529745489,0.9996548400375329,1.0060339074920166,1.005139048330065,1.0036305714570608,False,True,True,True
2021-02-10,0.9996548400375329,4815380000,0.1529732059204401,1.001662455113712,1.0058083624049843,1.0010460679100126,0.9794009023294835,True,True,True,False
2021-02-11,1.001662455113712,4570080000,0.1525493430934124,1.0047109831017418,1.003817300670517,0.9975308831114448,0.973130799360634,True,True,False,False
2021-02-12,1.0047109831017418,4119260000,0.15279331011401026,0.9994307250885044,0.9946986273866977,0.9851759796484221,0.9916108192730054,False,False,False,False
2021-02-16,0.9994307250885044,5037360000,0.15229777440026232,0.999679600466868,0.9934190953036041,0.9869755046928361,0.9841580230840234,False,False,False,False
2021-02-17,0.999679600466868,4718280000,0.14438786313854246,0.9955841916094552,0.9860530660107395,0.9984992356276374,0.9716101166780706,False,False,False,False
2021-02-18,0.9955841916094552,4773430000,0.1447561183081024,0.9981451058643782,0.9916708610439018,0.9783774530719451,0.9628254687695612,False,False,False,False
2021-02-19,0.9981451058643782,4823940000,0.14458389892768192,0.9922671506203431,1.004791755722846,0.97553952046607,0.9834208323627808,False,True,False,False
2021-02-22,0.9922671506203431,5870190000,0.14113483350810765,1.0012562878885591,0.9878343866890236,1.0065316651618725,0.9857732490648776,True,False,True,False
2021-02-23,1.0012562878885591,6280650000,0.1404093011009733,1.0113516619131904,0.9819084498514699,0.9971453378575088,0.9984721889435944,True,False,False,False
2021-02-24,1.0113516619131904,5942350000,0.14214010469521665,0.9755211530966036,0.9939853723031615,0.97307046616549,0.9932185773278338,False,False,False,False
2021-02-25,0.9755211530966036,6513060000,0.1603641952340723,0.9952498341750796,1.0106937487922198,0.9841043104033589,1.0287255767312382,False,True,False,True
2021-02-26,0.9952498341750796,6512950000,0.16090229068456752,1.023790719336683,1.002248665101085,1.008078926308332,1.0346850688112508,True,True,True,True
2021-03-01,1.023790719336683,5071540000,0.17446002951166065,0.9919191556760691,0.9658236412750971,0.9793762910641698,1.017202228703528,False,False,False,True
2021-03-02,0.9919191556760691,5493690000,0.17484121008596795,0.9869337956587232,0.9926749675088946,1.0013306496412413,1.0238793475424321,False,False,True,True
2021-03-03,0.9869337956587232,6150790000,0.1780379910081025,0.9865827861728084,1.000426732849528,1.020705706177416,1.040421811022797,False,True,True,True
2021-03-04,0.9865827861728084,7142240000,0.17740679152556552,1.0194959758204258,1.0283855251600784,1.0453420088258634,1.0390052196249404,True,True,True,True
2021-03-05,1.0194959758204258,6842570000,0.18679268289079665,0.9946407283820152,1.0148024175286445,1.026392916078856,1.0185218925855164,False,True,True,True
2021-03-08,0.9946407283820152,5852240000,0.18724191086137001,1.0141546835542414,1.0308765226948593,1.0386224763499812,1.031203632224214,True,True,True,True
2021-03-09,1.0141546835542414,5496340000,0.19150583388951786,1.0060302830130257,1.0175205912102885,1.022518733356729,1.0090518753999547,True,True,True,True
2021-03-10,1.0060302830130257,5827250000,0.1921535827008235,1.0103954796463537,1.0179875397877813,1.019316150312531,0.997519756028121,True,True,True,False
2021-03-11,1.0103954796463537,5300010000,0.1773293501312597,1.0010153985185335,1.0059324658445323,0.9939380708443541,0.9924302040443315,True,True,False,False
2021-03-12,1.0010153985185335,4469240000,0.17567731379790724,1.0064919585934766,1.007805565840125,0.9923313739114554,1.0079120745357992,True,True,False,True
2021-03-15,1.0064919585934766,4882190000,0.16481823786201732,0.9984303113677708,0.9865253694941215,0.9928570348758105,1.0005417063498059,False,False,False,True
2021-03-16,0.9984303113677708,4604870000,0.1598477924433526,1.00287934267206,0.9874807896616201,0.9868297200653083,0.9989502133640862,True,False,False,False
2021-03-17,1.00287934267206,4541620000,0.15566316092632895,0.9852394995621672,0.9915629120409047,0.9786166497237122,0.9996904975189477,False,False,False,False
2021-03-18,0.9852394995621672,4043170000,0.16248872103528955,0.9993972611136368,0.9987383347039684,0.9984829368707634,1.026666087764911,False,False,False,True
2021-03-19,0.9993972611136368,7725050000,0.15968854863083334,1.007025120748256,0.9938769773325493,1.015701106539572,1.042117502747182,True,False,True,True
2021-03-22,1.007025120748256,4311380000,0.16053828593608915,0.9923691629933588,0.992115393887717,1.007739957722067,1.0338401102372996,False,False,True,True
2021-03-23,0.9923691629933588,4645340000,0.16084117536844872,0.9945326964188904,1.0163712242873069,1.0122822540224827,1.0433267186972572,False,True,True,True
2021-03-24,0.9945326964188904,4766990000,0.1615978022143515,1.0052402330592367,1.0210714965262244,1.0215343237836643,1.0534899746473516,True,True,True,True
2021-03-25,1.0052402330592367,4940800000,0.1623448866798064,1.0166311976917883,1.0125411815261212,1.0282259714747592,1.05608872700485,True,True,True,True
2021-03-26,1.0166311976917883,5467850000,0.1692871208297637,0.9991319750210088,0.9995848576187433,1.026008041182124,1.038608241456873,False,False,True,True
2021-03-29,0.9991319750210088,4619840000,0.16886618521322705,0.996842176833061,1.012283781027375,1.0258996900095438,1.0429353149890839,False,True,True,True
2021-03-30,0.996842176833061,4103570000,0.16915643371347638,1.0036225385557842,1.0301524548129994,1.0306677950259562,1.041962334693259,True,True,True,True
2021-03-31,1.0036225385557842,4564980000,0.16942180807107948,1.011825144919693,1.025434884932631,1.0312820138488608,1.0497194737332274,True,True,True,True
2021-04-01,1.011825144919693,4151240000,0.1719259493832603,1.0144382778547565,1.0149457569523395,1.0270978912253386,1.0411953620390715,True,True,True,True
